"","countyname","depth_to_water","town","date","ID","countycode","township","geometry","year2","depth","long","lat"
"1","Clay",-8.33,"Clay Center NW",1999-09-17,392959097132401,27,6,c(-97.222722, 39.49986),"1999","71-0",-97.222722,39.49986
"2","Clay",-8.93,"Clay Center NW",1999-12-17,392959097132401,27,6,c(-97.222722, 39.49986),"1999","71-0",-97.222722,39.49986
"3","Clay",-8.8,"Clay Center NW",2000-03-30,392959097132401,27,6,c(-97.222722, 39.49986),"2000","71-0",-97.222722,39.49986
"4","Clay",-10.49,"Clay Center NW",2001-01-04,392959097132401,27,6,c(-97.222722, 39.49986),"2001","71-0",-97.222722,39.49986
"5","Clay",-10.34,"Clay Center NW",2001-02-13,392959097132401,27,6,c(-97.222722, 39.49986),"2001","71-0",-97.222722,39.49986
"6","Clay",-9.43,"Clay Center NW",2001-03-07,392959097132401,27,6,c(-97.222722, 39.49986),"2001","71-0",-97.222722,39.49986
"7","Clay",-8.82,"Clay Center NW",2001-03-28,392959097132401,27,6,c(-97.222722, 39.49986),"2001","71-0",-97.222722,39.49986
"8","Clay",-8.04,"Clay Center NW",2001-05-25,392959097132401,27,6,c(-97.222722, 39.49986),"2001","71-0",-97.222722,39.49986
"9","Clay",-6.8,"Clay Center NW",2001-06-12,392959097132401,27,6,c(-97.222722, 39.49986),"2001","71-0",-97.222722,39.49986
"10","Clay",-10.24,"Clay Center NW",2001-07-19,392959097132401,27,6,c(-97.222722, 39.49986),"2001","71-0",-97.222722,39.49986
"11","Clay",-9.36,"Clay Center NW",2001-10-04,392959097132401,27,6,c(-97.222722, 39.49986),"2001","71-0",-97.222722,39.49986
"12","Clay",-9.67,"Clay Center NW",2001-12-27,392959097132401,27,6,c(-97.222722, 39.49986),"2001","71-0",-97.222722,39.49986
"13","Clay",-9.75,"Clay Center NW",2002-02-13,392959097132401,27,6,c(-97.222722, 39.49986),"2002","71-0",-97.222722,39.49986
"14","Clay",-9.77,"Clay Center NW",2002-03-21,392959097132401,27,6,c(-97.222722, 39.49986),"2002","71-0",-97.222722,39.49986
"15","Clay",-9.92,"Clay Center NW",2002-04-16,392959097132401,27,6,c(-97.222722, 39.49986),"2002","71-0",-97.222722,39.49986
"16","Clay",-9.93,"Clay Center NW",2002-05-09,392959097132401,27,6,c(-97.222722, 39.49986),"2002","71-0",-97.222722,39.49986
"17","Clay",-9.7,"Clay Center NW",2002-06-05,392959097132401,27,6,c(-97.222722, 39.49986),"2002","71-0",-97.222722,39.49986
"18","Clay",-12.1,"Clay Center NW",2002-08-20,392959097132401,27,6,c(-97.222722, 39.49986),"2002","71-0",-97.222722,39.49986
"19","Clay",-11.74,"Clay Center NW",2002-09-19,392959097132401,27,6,c(-97.222722, 39.49986),"2002","71-0",-97.222722,39.49986
"20","Clay",-11.33,"Clay Center NW",2002-12-12,392959097132401,27,6,c(-97.222722, 39.49986),"2002","71-0",-97.222722,39.49986
"21","Clay",-11.12,"Clay Center NW",2003-03-27,392959097132401,27,6,c(-97.222722, 39.49986),"2003","71-0",-97.222722,39.49986
"22","Clay",-10.7,"Clay Center NW",2003-06-26,392959097132401,27,6,c(-97.222722, 39.49986),"2003","71-0",-97.222722,39.49986
"23","Clay",-10.6,"Clay Center NW",2003-07-01,392959097132401,27,6,c(-97.222722, 39.49986),"2003","71-0",-97.222722,39.49986
"24","Clay",-11.52,"Clay Center NW",2003-09-19,392959097132401,27,6,c(-97.222722, 39.49986),"2003","71-0",-97.222722,39.49986
"25","Clay",-11.49,"Clay Center NW",2003-12-18,392959097132401,27,6,c(-97.222722, 39.49986),"2003","71-0",-97.222722,39.49986
"26","Clay",-10.91,"Clay Center NW",2004-03-18,392959097132401,27,6,c(-97.222722, 39.49986),"2004","71-0",-97.222722,39.49986
"27","Clay",-10.2,"Clay Center NW",2004-07-07,392959097132401,27,6,c(-97.222722, 39.49986),"2004","71-0",-97.222722,39.49986
"28","Clay",-10.99,"Clay Center NW",2004-07-22,392959097132401,27,6,c(-97.222722, 39.49986),"2004","71-0",-97.222722,39.49986
"29","Clay",-11.9,"Clay Center NW",2004-08-17,392959097132401,27,6,c(-97.222722, 39.49986),"2004","71-0",-97.222722,39.49986
"30","Clay",-11.75,"Clay Center NW",2004-09-01,392959097132401,27,6,c(-97.222722, 39.49986),"2004","71-0",-97.222722,39.49986
"31","Clay",-11.4,"Clay Center NW",2004-09-23,392959097132401,27,6,c(-97.222722, 39.49986),"2004","71-0",-97.222722,39.49986
"32","Clay",-11.45,"Clay Center NW",2004-12-14,392959097132401,27,6,c(-97.222722, 39.49986),"2004","71-0",-97.222722,39.49986
"33","Clay",-11.38,"Clay Center NW",2005-01-25,392959097132401,27,6,c(-97.222722, 39.49986),"2005","71-0",-97.222722,39.49986
"34","Clay",-11.26,"Clay Center NW",2005-03-30,392959097132401,27,6,c(-97.222722, 39.49986),"2005","71-0",-97.222722,39.49986
"35","Clay",-10.78,"Clay Center NW",2005-04-27,392959097132401,27,6,c(-97.222722, 39.49986),"2005","71-0",-97.222722,39.49986
"36","Clay",-10.77,"Clay Center NW",2005-05-25,392959097132401,27,6,c(-97.222722, 39.49986),"2005","71-0",-97.222722,39.49986
"37","Clay",-10.78,"Clay Center NW",2005-07-05,392959097132401,27,6,c(-97.222722, 39.49986),"2005","71-0",-97.222722,39.49986
"38","Clay",-10.74,"Clay Center NW",2005-08-02,392959097132401,27,6,c(-97.222722, 39.49986),"2005","71-0",-97.222722,39.49986
"39","Clay",-11.18,"Clay Center NW",2005-09-08,392959097132401,27,6,c(-97.222722, 39.49986),"2005","71-0",-97.222722,39.49986
"40","Clay",-11.45,"Clay Center NW",2006-01-13,392959097132401,27,6,c(-97.222722, 39.49986),"2006","71-0",-97.222722,39.49986
"41","Clay",-11.48,"Clay Center NW",2006-03-09,392959097132401,27,6,c(-97.222722, 39.49986),"2006","71-0",-97.222722,39.49986
"42","Clay",-11.44,"Clay Center NW",2006-04-05,392959097132401,27,6,c(-97.222722, 39.49986),"2006","71-0",-97.222722,39.49986
"43","Clay",-11.61,"Clay Center NW",2006-10-18,392959097132401,27,6,c(-97.222722, 39.49986),"2006","71-0",-97.222722,39.49986
"44","Clay",-11.01,"Clay Center NW",2007-03-21,392959097132401,27,6,c(-97.222722, 39.49986),"2007","71-0",-97.222722,39.49986
"45","Clay",-7.4,"Clay Center NW",2007-05-22,392959097132401,27,6,c(-97.222722, 39.49986),"2007","71-0",-97.222722,39.49986
"46","Clay",-6.06,"Clay Center NW",2008-03-12,392959097132401,27,6,c(-97.222722, 39.49986),"2008","71-0",-97.222722,39.49986
"47","Clay",-9.17,"Clay Center NW",2008-10-02,392959097132401,27,6,c(-97.222722, 39.49986),"2008","71-0",-97.222722,39.49986
"48","Clay",-10.29,"Clay Center NW",2009-03-04,392959097132401,27,6,c(-97.222722, 39.49986),"2009","71-0",-97.222722,39.49986
"49","Clay",-9.53,"Clay Center NW",2009-10-06,392959097132401,27,6,c(-97.222722, 39.49986),"2009","71-0",-97.222722,39.49986
"50","Clay",-6.97,"Clay Center NW",2010-04-01,392959097132401,27,6,c(-97.222722, 39.49986),"2010","71-0",-97.222722,39.49986
"51","Clay",-8.58,"Clay Center NW",2011-03-17,392959097132401,27,6,c(-97.222722, 39.49986),"2011","71-0",-97.222722,39.49986
"52","Clay",-8.21,"Clay Center NW",2011-10-13,392959097132401,27,6,c(-97.222722, 39.49986),"2011","71-0",-97.222722,39.49986
"53","Clay",-8.92,"Clay Center NW",2012-03-09,392959097132401,27,6,c(-97.222722, 39.49986),"2012","71-0",-97.222722,39.49986
"54","Clay",-10.75,"Clay Center NW",2012-10-25,392959097132401,27,6,c(-97.222722, 39.49986),"2012","71-0",-97.222722,39.49986
"55","Clay",-10.91,"Clay Center NW",2013-03-29,392959097132401,27,6,c(-97.222722, 39.49986),"2013","71-0",-97.222722,39.49986
"56","Clay",-9.83,"Clay Center NW",2013-10-17,392959097132401,27,6,c(-97.222722, 39.49986),"2013","71-0",-97.222722,39.49986
"57","Clay",-10.59,"Clay Center NW",2014-03-21,392959097132401,27,6,c(-97.222722, 39.49986),"2014","71-0",-97.222722,39.49986
"58","Clay",-10.76,"Clay Center NW",2014-10-22,392959097132401,27,6,c(-97.222722, 39.49986),"2014","71-0",-97.222722,39.49986
"59","Clay",-11.06,"Clay Center NW",2015-03-12,392959097132401,27,6,c(-97.222722, 39.49986),"2015","71-0",-97.222722,39.49986
"60","Clay",-8.88,"Clay Center NW",2015-10-08,392959097132401,27,6,c(-97.222722, 39.49986),"2015","71-0",-97.222722,39.49986
"61","Clay",-9.06,"Clay Center NW",2016-03-09,392959097132401,27,6,c(-97.222722, 39.49986),"2016","71-0",-97.222722,39.49986
"62","Clay",-8.19,"Clay Center NW",2016-10-05,392959097132401,27,6,c(-97.222722, 39.49986),"2016","71-0",-97.222722,39.49986
"63","Clay",-12.18,"Clifton",2002-09-19,393319097162801,27,6,c(-97.274837, 39.555269),"2002","71-0",-97.274837,39.555269
"64","Clay",-11.56,"Clifton",2002-10-18,393319097162801,27,6,c(-97.274837, 39.555269),"2002","71-0",-97.274837,39.555269
"65","Clay",-11.27,"Clifton",2002-11-20,393319097162801,27,6,c(-97.274837, 39.555269),"2002","71-0",-97.274837,39.555269
"66","Clay",-11.06,"Clifton",2002-12-17,393319097162801,27,6,c(-97.274837, 39.555269),"2002","71-0",-97.274837,39.555269
"67","Clay",-10.92,"Clifton",2003-01-24,393319097162801,27,6,c(-97.274837, 39.555269),"2003","71-0",-97.274837,39.555269
"68","Clay",-10.73,"Clifton",2003-03-06,393319097162801,27,6,c(-97.274837, 39.555269),"2003","71-0",-97.274837,39.555269
"69","Clay",-10.57,"Clifton",2003-04-10,393319097162801,27,6,c(-97.274837, 39.555269),"2003","71-0",-97.274837,39.555269
"70","Clay",-10.22,"Clifton",2003-05-20,393319097162801,27,6,c(-97.274837, 39.555269),"2003","71-0",-97.274837,39.555269
"71","Clay",-9.88,"Clifton",2003-06-13,393319097162801,27,6,c(-97.274837, 39.555269),"2003","71-0",-97.274837,39.555269
"72","Clay",-9.26,"Clifton",2003-07-03,393319097162801,27,6,c(-97.274837, 39.555269),"2003","71-0",-97.274837,39.555269
"73","Clay",-10.9,"Clifton",2003-08-01,393319097162801,27,6,c(-97.274837, 39.555269),"2003","71-0",-97.274837,39.555269
"74","Clay",-11.82,"Clifton",2003-08-13,393319097162801,27,6,c(-97.274837, 39.555269),"2003","71-0",-97.274837,39.555269
"75","Clay",-10.72,"Clifton",2003-09-19,393319097162801,27,6,c(-97.274837, 39.555269),"2003","71-0",-97.274837,39.555269
"76","Clay",-10.62,"Clifton",2003-11-12,393319097162801,27,6,c(-97.274837, 39.555269),"2003","71-0",-97.274837,39.555269
"77","Clay",-10.57,"Clifton",2003-12-16,393319097162801,27,6,c(-97.274837, 39.555269),"2003","71-0",-97.274837,39.555269
"78","Clay",-10.52,"Clifton",2004-01-14,393319097162801,27,6,c(-97.274837, 39.555269),"2004","71-0",-97.274837,39.555269
"79","Clay",-10.5,"Clifton",2004-02-18,393319097162801,27,6,c(-97.274837, 39.555269),"2004","71-0",-97.274837,39.555269
"80","Clay",-9.74,"Clifton",2004-03-09,393319097162801,27,6,c(-97.274837, 39.555269),"2004","71-0",-97.274837,39.555269
"81","Clay",-9.34,"Clifton",2004-04-21,393319097162801,27,6,c(-97.274837, 39.555269),"2004","71-0",-97.274837,39.555269
"82","Clay",-9.39,"Clifton",2004-05-19,393319097162801,27,6,c(-97.274837, 39.555269),"2004","71-0",-97.274837,39.555269
"83","Clay",-9.29,"Clifton",2004-06-08,393319097162801,27,6,c(-97.274837, 39.555269),"2004","71-0",-97.274837,39.555269
"84","Clay",-9.45,"Clifton",2004-07-07,393319097162801,27,6,c(-97.274837, 39.555269),"2004","71-0",-97.274837,39.555269
"85","Clay",-9.52,"Clifton",2004-07-22,393319097162801,27,6,c(-97.274837, 39.555269),"2004","71-0",-97.274837,39.555269
"86","Clay",-9.87,"Clifton",2004-08-05,393319097162801,27,6,c(-97.274837, 39.555269),"2004","71-0",-97.274837,39.555269
"87","Clay",-10.33,"Clifton",2004-08-17,393319097162801,27,6,c(-97.274837, 39.555269),"2004","71-0",-97.274837,39.555269
"88","Clay",-10.99,"Clifton",2004-09-01,393319097162801,27,6,c(-97.274837, 39.555269),"2004","71-0",-97.274837,39.555269
"89","Clay",-10.9,"Clifton",2004-09-23,393319097162801,27,6,c(-97.274837, 39.555269),"2004","71-0",-97.274837,39.555269
"90","Clay",-10.55,"Clifton",2004-11-18,393319097162801,27,6,c(-97.274837, 39.555269),"2004","71-0",-97.274837,39.555269
"91","Clay",-10.59,"Clifton",2004-12-14,393319097162801,27,6,c(-97.274837, 39.555269),"2004","71-0",-97.274837,39.555269
"92","Clay",-10.47,"Clifton",2005-01-25,393319097162801,27,6,c(-97.274837, 39.555269),"2005","71-0",-97.274837,39.555269
"93","Clay",-10.3,"Clifton",2005-02-22,393319097162801,27,6,c(-97.274837, 39.555269),"2005","71-0",-97.274837,39.555269
"94","Clay",-10.07,"Clifton",2005-03-30,393319097162801,27,6,c(-97.274837, 39.555269),"2005","71-0",-97.274837,39.555269
"95","Clay",-8.99,"Clifton",2005-04-27,393319097162801,27,6,c(-97.274837, 39.555269),"2005","71-0",-97.274837,39.555269
"96","Clay",-9.39,"Clifton",2005-05-25,393319097162801,27,6,c(-97.274837, 39.555269),"2005","71-0",-97.274837,39.555269
"97","Clay",-9.48,"Clifton",2005-07-05,393319097162801,27,6,c(-97.274837, 39.555269),"2005","71-0",-97.274837,39.555269
"98","Clay",-11.24,"Clifton",2005-08-02,393319097162801,27,6,c(-97.274837, 39.555269),"2005","71-0",-97.274837,39.555269
"99","Clay",-10.41,"Clifton",2005-09-08,393319097162801,27,6,c(-97.274837, 39.555269),"2005","71-0",-97.274837,39.555269
"100","Clay",-10.3,"Clifton",2005-10-20,393319097162801,27,6,c(-97.274837, 39.555269),"2005","71-0",-97.274837,39.555269
"101","Clay",-10.29,"Clifton",2006-01-13,393319097162801,27,6,c(-97.274837, 39.555269),"2006","71-0",-97.274837,39.555269
"102","Clay",-10.36,"Clifton",2006-03-09,393319097162801,27,6,c(-97.274837, 39.555269),"2006","71-0",-97.274837,39.555269
"103","Clay",-10.29,"Clifton",2006-04-05,393319097162801,27,6,c(-97.274837, 39.555269),"2006","71-0",-97.274837,39.555269
"104","Clay",-10.49,"Clifton",2006-10-18,393319097162801,27,6,c(-97.274837, 39.555269),"2006","71-0",-97.274837,39.555269
"105","Clay",-9.87,"Clifton",2007-03-21,393319097162801,27,6,c(-97.274837, 39.555269),"2007","71-0",-97.274837,39.555269
"106","Clay",-7.15,"Clifton",2007-05-30,393319097162801,27,6,c(-97.274837, 39.555269),"2007","71-0",-97.274837,39.555269
"107","Clay",-10.36,"Clifton",2007-10-08,393319097162801,27,6,c(-97.274837, 39.555269),"2007","71-0",-97.274837,39.555269
"108","Clay",-8.39,"Clifton",2008-05-29,393319097162801,27,6,c(-97.274837, 39.555269),"2008","71-0",-97.274837,39.555269
"109","Clay",-7.78,"Clifton",2008-06-26,393319097162801,27,6,c(-97.274837, 39.555269),"2008","71-0",-97.274837,39.555269
"110","Clay",-9.76,"Clifton",2008-08-13,393319097162801,27,6,c(-97.274837, 39.555269),"2008","71-0",-97.274837,39.555269
"111","Clay",-9.57,"Clifton",2008-10-02,393319097162801,27,6,c(-97.274837, 39.555269),"2008","71-0",-97.274837,39.555269
"112","Clay",-8.37,"Clifton",2009-03-04,393319097162801,27,6,c(-97.274837, 39.555269),"2009","71-0",-97.274837,39.555269
"113","Clay",-10.3,"Clifton",2009-10-06,393319097162801,27,6,c(-97.274837, 39.555269),"2009","71-0",-97.274837,39.555269
"114","Clay",-9.42,"Clifton",2011-03-17,393319097162801,27,6,c(-97.274837, 39.555269),"2011","71-0",-97.274837,39.555269
"115","Clay",-9.12,"Clifton",2011-10-13,393319097162801,27,6,c(-97.274837, 39.555269),"2011","71-0",-97.274837,39.555269
"116","Clay",-8.84,"Clifton",2012-03-09,393319097162801,27,6,c(-97.274837, 39.555269),"2012","71-0",-97.274837,39.555269
"117","Clay",-10.78,"Clifton",2012-10-25,393319097162801,27,6,c(-97.274837, 39.555269),"2012","71-0",-97.274837,39.555269
"118","Clay",-10.39,"Clifton",2013-03-29,393319097162801,27,6,c(-97.274837, 39.555269),"2013","71-0",-97.274837,39.555269
"119","Clay",-29.32,"Clay Center NW",2002-09-19,392312097091901,27,8,c(-97.165097, 39.381349),"2002","71-0",-97.165097,39.381349
"120","Clay",-29,"Clay Center NW",2002-10-18,392312097091901,27,8,c(-97.165097, 39.381349),"2002","71-0",-97.165097,39.381349
"121","Clay",-28.48,"Clay Center NW",2002-11-20,392312097091901,27,8,c(-97.165097, 39.381349),"2002","71-0",-97.165097,39.381349
"122","Clay",-28.13,"Clay Center NW",2002-12-17,392312097091901,27,8,c(-97.165097, 39.381349),"2002","71-0",-97.165097,39.381349
"123","Clay",-27.9,"Clay Center NW",2003-01-24,392312097091901,27,8,c(-97.165097, 39.381349),"2003","71-0",-97.165097,39.381349
"124","Clay",-27.58,"Clay Center NW",2003-03-06,392312097091901,27,8,c(-97.165097, 39.381349),"2003","71-0",-97.165097,39.381349
"125","Clay",-27.4,"Clay Center NW",2003-04-10,392312097091901,27,8,c(-97.165097, 39.381349),"2003","71-0",-97.165097,39.381349
"126","Clay",-27.28,"Clay Center NW",2003-05-20,392312097091901,27,8,c(-97.165097, 39.381349),"2003","71-0",-97.165097,39.381349
"127","Clay",-27.16,"Clay Center NW",2003-06-13,392312097091901,27,8,c(-97.165097, 39.381349),"2003","71-0",-97.165097,39.381349
"128","Clay",-27.46,"Clay Center NW",2003-07-03,392312097091901,27,8,c(-97.165097, 39.381349),"2003","71-0",-97.165097,39.381349
"129","Clay",-28.5,"Clay Center NW",2003-08-01,392312097091901,27,8,c(-97.165097, 39.381349),"2003","71-0",-97.165097,39.381349
"130","Clay",-29.4,"Clay Center NW",2003-08-13,392312097091901,27,8,c(-97.165097, 39.381349),"2003","71-0",-97.165097,39.381349
"131","Clay",-29.52,"Clay Center NW",2003-09-19,392312097091901,27,8,c(-97.165097, 39.381349),"2003","71-0",-97.165097,39.381349
"132","Clay",-28.65,"Clay Center NW",2003-11-12,392312097091901,27,8,c(-97.165097, 39.381349),"2003","71-0",-97.165097,39.381349
"133","Clay",-28.2,"Clay Center NW",2003-12-16,392312097091901,27,8,c(-97.165097, 39.381349),"2003","71-0",-97.165097,39.381349
"134","Clay",-28.14,"Clay Center NW",2004-01-14,392312097091901,27,8,c(-97.165097, 39.381349),"2004","71-0",-97.165097,39.381349
"135","Clay",-27.98,"Clay Center NW",2004-02-18,392312097091901,27,8,c(-97.165097, 39.381349),"2004","71-0",-97.165097,39.381349
"136","Clay",-27.83,"Clay Center NW",2004-03-09,392312097091901,27,8,c(-97.165097, 39.381349),"2004","71-0",-97.165097,39.381349
"137","Clay",-27.43,"Clay Center NW",2004-04-21,392312097091901,27,8,c(-97.165097, 39.381349),"2004","71-0",-97.165097,39.381349
"138","Clay",-27.29,"Clay Center NW",2004-05-19,392312097091901,27,8,c(-97.165097, 39.381349),"2004","71-0",-97.165097,39.381349
"139","Clay",-27.25,"Clay Center NW",2004-06-08,392312097091901,27,8,c(-97.165097, 39.381349),"2004","71-0",-97.165097,39.381349
"140","Clay",-27.46,"Clay Center NW",2004-07-07,392312097091901,27,8,c(-97.165097, 39.381349),"2004","71-0",-97.165097,39.381349
"141","Clay",-27.6,"Clay Center NW",2004-07-22,392312097091901,27,8,c(-97.165097, 39.381349),"2004","71-0",-97.165097,39.381349
"142","Clay",-28.11,"Clay Center NW",2004-08-05,392312097091901,27,8,c(-97.165097, 39.381349),"2004","71-0",-97.165097,39.381349
"143","Clay",-28.18,"Clay Center NW",2004-08-17,392312097091901,27,8,c(-97.165097, 39.381349),"2004","71-0",-97.165097,39.381349
"144","Clay",-28.92,"Clay Center NW",2004-09-01,392312097091901,27,8,c(-97.165097, 39.381349),"2004","71-0",-97.165097,39.381349
"145","Clay",-28.92,"Clay Center NW",2004-09-23,392312097091901,27,8,c(-97.165097, 39.381349),"2004","71-0",-97.165097,39.381349
"146","Clay",-28.38,"Clay Center NW",2004-11-18,392312097091901,27,8,c(-97.165097, 39.381349),"2004","71-0",-97.165097,39.381349
"147","Clay",-27.97,"Clay Center NW",2004-12-14,392312097091901,27,8,c(-97.165097, 39.381349),"2004","71-0",-97.165097,39.381349
"148","Clay",-28,"Clay Center NW",2005-01-25,392312097091901,27,8,c(-97.165097, 39.381349),"2005","71-0",-97.165097,39.381349
"149","Clay",-27.96,"Clay Center NW",2005-02-22,392312097091901,27,8,c(-97.165097, 39.381349),"2005","71-0",-97.165097,39.381349
"150","Clay",-27.75,"Clay Center NW",2005-03-30,392312097091901,27,8,c(-97.165097, 39.381349),"2005","71-0",-97.165097,39.381349
"151","Clay",-27.53,"Clay Center NW",2005-04-27,392312097091901,27,8,c(-97.165097, 39.381349),"2005","71-0",-97.165097,39.381349
"152","Clay",-27.57,"Clay Center NW",2005-05-25,392312097091901,27,8,c(-97.165097, 39.381349),"2005","71-0",-97.165097,39.381349
"153","Clay",-27.65,"Clay Center NW",2005-07-05,392312097091901,27,8,c(-97.165097, 39.381349),"2005","71-0",-97.165097,39.381349
"154","Clay",-28.53,"Clay Center NW",2005-08-02,392312097091901,27,8,c(-97.165097, 39.381349),"2005","71-0",-97.165097,39.381349
"155","Clay",-28.54,"Clay Center NW",2005-09-08,392312097091901,27,8,c(-97.165097, 39.381349),"2005","71-0",-97.165097,39.381349
"156","Clay",-28.35,"Clay Center NW",2005-10-20,392312097091901,27,8,c(-97.165097, 39.381349),"2005","71-0",-97.165097,39.381349
"157","Clay",-27.45,"Clay Center NW",2006-01-13,392312097091901,27,8,c(-97.165097, 39.381349),"2006","71-0",-97.165097,39.381349
"158","Clay",-28.37,"Clay Center NW",2006-03-09,392312097091901,27,8,c(-97.165097, 39.381349),"2006","71-0",-97.165097,39.381349
"159","Clay",-27.6,"Clay Center NW",2006-04-05,392312097091901,27,8,c(-97.165097, 39.381349),"2006","71-0",-97.165097,39.381349
"160","Clay",-29.62,"Clay Center NW",2006-10-18,392312097091901,27,8,c(-97.165097, 39.381349),"2006","71-0",-97.165097,39.381349
"161","Clay",-28.35,"Clay Center NW",2007-03-21,392312097091901,27,8,c(-97.165097, 39.381349),"2007","71-0",-97.165097,39.381349
"162","Clay",-27.13,"Clay Center NW",2007-06-13,392312097091901,27,8,c(-97.165097, 39.381349),"2007","71-0",-97.165097,39.381349
"163","Clay",-25.53,"Clay Center NW",2008-03-12,392312097091901,27,8,c(-97.165097, 39.381349),"2008","71-0",-97.165097,39.381349
"164","Clay",-26.73,"Clay Center NW",2008-05-29,392312097091901,27,8,c(-97.165097, 39.381349),"2008","71-0",-97.165097,39.381349
"165","Clay",-26.12,"Clay Center NW",2008-06-26,392312097091901,27,8,c(-97.165097, 39.381349),"2008","71-0",-97.165097,39.381349
"166","Clay",-26.72,"Clay Center NW",2008-08-13,392312097091901,27,8,c(-97.165097, 39.381349),"2008","71-0",-97.165097,39.381349
"167","Clay",-26.38,"Clay Center NW",2008-10-02,392312097091901,27,8,c(-97.165097, 39.381349),"2008","71-0",-97.165097,39.381349
"168","Clay",-25.47,"Clay Center NW",2009-03-04,392312097091901,27,8,c(-97.165097, 39.381349),"2009","71-0",-97.165097,39.381349
"169","Clay",-26.06,"Clay Center NW",2009-10-06,392312097091901,27,8,c(-97.165097, 39.381349),"2009","71-0",-97.165097,39.381349
"170","Clay",-23.59,"Clay Center NW",2011-03-17,392312097091901,27,8,c(-97.165097, 39.381349),"2011","71-0",-97.165097,39.381349
"171","Clay",-22.98,"Clay Center NW",2011-10-13,392312097091901,27,8,c(-97.165097, 39.381349),"2011","71-0",-97.165097,39.381349
"172","Clay",-23.44,"Clay Center NW",2012-03-09,392312097091901,27,8,c(-97.165097, 39.381349),"2012","71-0",-97.165097,39.381349
"173","Clay",-25.93,"Clay Center NW",2012-10-25,392312097091901,27,8,c(-97.165097, 39.381349),"2012","71-0",-97.165097,39.381349
"174","Clay",-25.46,"Clay Center NW",2013-03-29,392312097091901,27,8,c(-97.165097, 39.381349),"2013","71-0",-97.165097,39.381349
"175","Clay",-11.8,"CLAY CENTER NW",1954-09-01,392256097105701,27,8,c(-97.180469, 39.383106),"1954","71-0",-97.180469,39.383106
"176","Clay",-11.8,"CLAY CENTER NW",1954-09-30,392256097105701,27,8,c(-97.180469, 39.383106),"1954","71-0",-97.180469,39.383106
"177","Clay",-10,"CLAY CENTER NW",1959-01-01,392256097105701,27,8,c(-97.180469, 39.383106),"1959","71-0",-97.180469,39.383106
"178","Clay",-9,"CLAY CENTER NW",1961-03-10,392256097105701,27,8,c(-97.180469, 39.383106),"1961","71-0",-97.180469,39.383106
"179","Clay",-10.82,"CLAY CENTER NW",1961-08-16,392256097105701,27,8,c(-97.180469, 39.383106),"1961","71-0",-97.180469,39.383106
"180","Clay",-11.04,"CLAY CENTER NW",1968-06-25,392256097105701,27,8,c(-97.180469, 39.383106),"1968","71-0",-97.180469,39.383106
"181","Clay",-11.04,"CLAY CENTER NW",1968-06-26,392256097105701,27,8,c(-97.180469, 39.383106),"1968","71-0",-97.180469,39.383106
"182","Clay",-10.1,"CLAY CENTER NW",1968-09-26,392256097105701,27,8,c(-97.180469, 39.383106),"1968","71-0",-97.180469,39.383106
"183","Clay",-11.34,"CLAY CENTER NW",1969-01-02,392256097105701,27,8,c(-97.180469, 39.383106),"1969","71-0",-97.180469,39.383106
"184","Clay",-9.38,"CLAY CENTER NW",1969-03-28,392256097105701,27,8,c(-97.180469, 39.383106),"1969","71-0",-97.180469,39.383106
"185","Clay",-9.9,"CLAY CENTER NW",1969-06-30,392256097105701,27,8,c(-97.180469, 39.383106),"1969","71-0",-97.180469,39.383106
"186","Clay",-10.9,"CLAY CENTER NW",1969-09-22,392256097105701,27,8,c(-97.180469, 39.383106),"1969","71-0",-97.180469,39.383106
"187","Clay",-11.15,"CLAY CENTER NW",1969-12-16,392256097105701,27,8,c(-97.180469, 39.383106),"1969","71-0",-97.180469,39.383106
"188","Clay",-11.4,"CLAY CENTER NW",1970-03-25,392256097105701,27,8,c(-97.180469, 39.383106),"1970","71-0",-97.180469,39.383106
"189","Clay",-9.62,"CLAY CENTER NW",1970-06-24,392256097105701,27,8,c(-97.180469, 39.383106),"1970","71-0",-97.180469,39.383106
"190","Clay",-11.48,"CLAY CENTER NW",1970-09-28,392256097105701,27,8,c(-97.180469, 39.383106),"1970","71-0",-97.180469,39.383106
"191","Clay",-11.58,"CLAY CENTER NW",1970-09-28,392256097105701,27,8,c(-97.180469, 39.383106),"1970","71-0",-97.180469,39.383106
"192","Clay",-11.55,"CLAY CENTER NW",1970-12-03,392256097105701,27,8,c(-97.180469, 39.383106),"1970","71-0",-97.180469,39.383106
"193","Clay",-10.33,"CLAY CENTER NW",1971-03-16,392256097105701,27,8,c(-97.180469, 39.383106),"1971","71-0",-97.180469,39.383106
"194","Clay",-10.28,"CLAY CENTER NW",1971-06-16,392256097105701,27,8,c(-97.180469, 39.383106),"1971","71-0",-97.180469,39.383106
"195","Clay",-10.18,"CLAY CENTER NW",1971-06-16,392256097105701,27,8,c(-97.180469, 39.383106),"1971","71-0",-97.180469,39.383106
"196","Clay",-11.76,"CLAY CENTER NW",1971-09-24,392256097105701,27,8,c(-97.180469, 39.383106),"1971","71-0",-97.180469,39.383106
"197","Clay",-11.75,"CLAY CENTER NW",1971-12-20,392256097105701,27,8,c(-97.180469, 39.383106),"1971","71-0",-97.180469,39.383106
"198","Clay",-11.85,"CLAY CENTER NW",1972-03-14,392256097105701,27,8,c(-97.180469, 39.383106),"1972","71-0",-97.180469,39.383106
"199","Clay",-11.5,"CLAY CENTER NW",1972-06-21,392256097105701,27,8,c(-97.180469, 39.383106),"1972","71-0",-97.180469,39.383106
"200","Clay",-10.7,"CLAY CENTER NW",1972-09-19,392256097105701,27,8,c(-97.180469, 39.383106),"1972","71-0",-97.180469,39.383106
"201","Clay",-10.65,"CLAY CENTER NW",1972-12-27,392256097105701,27,8,c(-97.180469, 39.383106),"1972","71-0",-97.180469,39.383106
"202","Clay",-9,"CLAY CENTER NW",1973-03-19,392256097105701,27,8,c(-97.180469, 39.383106),"1973","71-0",-97.180469,39.383106
"203","Clay",-9.45,"CLAY CENTER NW",1973-06-18,392256097105701,27,8,c(-97.180469, 39.383106),"1973","71-0",-97.180469,39.383106
"204","Clay",-9.87,"CLAY CENTER NW",1973-09-18,392256097105701,27,8,c(-97.180469, 39.383106),"1973","71-0",-97.180469,39.383106
"205","Clay",-9.35,"CLAY CENTER NW",1973-12-17,392256097105701,27,8,c(-97.180469, 39.383106),"1973","71-0",-97.180469,39.383106
"206","Clay",-9.72,"CLAY CENTER NW",1974-03-18,392256097105701,27,8,c(-97.180469, 39.383106),"1974","71-0",-97.180469,39.383106
"207","Clay",-10.7,"CLAY CENTER NW",1974-06-17,392256097105701,27,8,c(-97.180469, 39.383106),"1974","71-0",-97.180469,39.383106
"208","Clay",-12.05,"CLAY CENTER NW",1974-09-18,392256097105701,27,8,c(-97.180469, 39.383106),"1974","71-0",-97.180469,39.383106
"209","Clay",-12.35,"CLAY CENTER NW",1974-12-18,392256097105701,27,8,c(-97.180469, 39.383106),"1974","71-0",-97.180469,39.383106
"210","Clay",-12.1,"CLAY CENTER NW",1975-03-14,392256097105701,27,8,c(-97.180469, 39.383106),"1975","71-0",-97.180469,39.383106
"211","Clay",-11.03,"CLAY CENTER NW",1975-06-18,392256097105701,27,8,c(-97.180469, 39.383106),"1975","71-0",-97.180469,39.383106
"212","Clay",-11.85,"CLAY CENTER NW",1975-09-11,392256097105701,27,8,c(-97.180469, 39.383106),"1975","71-0",-97.180469,39.383106
"213","Clay",-12.38,"CLAY CENTER NW",1975-12-10,392256097105701,27,8,c(-97.180469, 39.383106),"1975","71-0",-97.180469,39.383106
"214","Clay",-12.2,"CLAY CENTER NW",1976-03-12,392256097105701,27,8,c(-97.180469, 39.383106),"1976","71-0",-97.180469,39.383106
"215","Clay",-11.62,"CLAY CENTER NW",1976-06-02,392256097105701,27,8,c(-97.180469, 39.383106),"1976","71-0",-97.180469,39.383106
"216","Clay",-12.38,"CLAY CENTER NW",1976-09-09,392256097105701,27,8,c(-97.180469, 39.383106),"1976","71-0",-97.180469,39.383106
"217","Clay",-12.76,"CLAY CENTER NW",1976-12-08,392256097105701,27,8,c(-97.180469, 39.383106),"1976","71-0",-97.180469,39.383106
"218","Clay",-12.28,"CLAY CENTER NW",1977-03-09,392256097105701,27,8,c(-97.180469, 39.383106),"1977","71-0",-97.180469,39.383106
"219","Clay",-12.13,"CLAY CENTER NW",1977-06-15,392256097105701,27,8,c(-97.180469, 39.383106),"1977","71-0",-97.180469,39.383106
"220","Clay",-9.2,"CLAY CENTER NW",1977-09-13,392256097105701,27,8,c(-97.180469, 39.383106),"1977","71-0",-97.180469,39.383106
"221","Clay",-11.55,"CLAY CENTER NW",1977-12-15,392256097105701,27,8,c(-97.180469, 39.383106),"1977","71-0",-97.180469,39.383106
"222","Clay",-9.7,"CLAY CENTER NW",1978-03-15,392256097105701,27,8,c(-97.180469, 39.383106),"1978","71-0",-97.180469,39.383106
"223","Clay",-10.98,"CLAY CENTER NW",1978-06-08,392256097105701,27,8,c(-97.180469, 39.383106),"1978","71-0",-97.180469,39.383106
"224","Clay",-11.8,"CLAY CENTER NW",1978-09-13,392256097105701,27,8,c(-97.180469, 39.383106),"1978","71-0",-97.180469,39.383106
"225","Clay",-11.98,"CLAY CENTER NW",1978-12-07,392256097105701,27,8,c(-97.180469, 39.383106),"1978","71-0",-97.180469,39.383106
"226","Clay",-9.8,"CLAY CENTER NW",1979-03-08,392256097105701,27,8,c(-97.180469, 39.383106),"1979","71-0",-97.180469,39.383106
"227","Clay",-10.6,"CLAY CENTER NW",1979-06-05,392256097105701,27,8,c(-97.180469, 39.383106),"1979","71-0",-97.180469,39.383106
"228","Clay",-11.28,"CLAY CENTER NW",1979-09-11,392256097105701,27,8,c(-97.180469, 39.383106),"1979","71-0",-97.180469,39.383106
"229","Clay",-11.35,"CLAY CENTER NW",1979-11-29,392256097105701,27,8,c(-97.180469, 39.383106),"1979","71-0",-97.180469,39.383106
"230","Clay",-10.62,"CLAY CENTER NW",1980-03-11,392256097105701,27,8,c(-97.180469, 39.383106),"1980","71-0",-97.180469,39.383106
"231","Clay",-10.3,"CLAY CENTER NW",1980-06-05,392256097105701,27,8,c(-97.180469, 39.383106),"1980","71-0",-97.180469,39.383106
"232","Clay",-10.3,"CLAY CENTER NW",1980-06-06,392256097105701,27,8,c(-97.180469, 39.383106),"1980","71-0",-97.180469,39.383106
"233","Clay",-12.35,"CLAY CENTER NW",1980-09-11,392256097105701,27,8,c(-97.180469, 39.383106),"1980","71-0",-97.180469,39.383106
"234","Clay",-12.35,"CLAY CENTER NW",1980-12-19,392256097105701,27,8,c(-97.180469, 39.383106),"1980","71-0",-97.180469,39.383106
"235","Clay",-12.54,"CLAY CENTER NW",1981-03-11,392256097105701,27,8,c(-97.180469, 39.383106),"1981","71-0",-97.180469,39.383106
"236","Clay",-11.65,"CLAY CENTER NW",1981-06-03,392256097105701,27,8,c(-97.180469, 39.383106),"1981","71-0",-97.180469,39.383106
"237","Clay",-11.7,"CLAY CENTER NW",1981-09-09,392256097105701,27,8,c(-97.180469, 39.383106),"1981","71-0",-97.180469,39.383106
"238","Clay",-12.15,"CLAY CENTER NW",1981-12-10,392256097105701,27,8,c(-97.180469, 39.383106),"1981","71-0",-97.180469,39.383106
"239","Clay",-11.5,"CLAY CENTER NW",1982-03-11,392256097105701,27,8,c(-97.180469, 39.383106),"1982","71-0",-97.180469,39.383106
"240","Clay",-9.5,"CLAY CENTER NW",1982-06-08,392256097105701,27,8,c(-97.180469, 39.383106),"1982","71-0",-97.180469,39.383106
"241","Clay",-10.8,"CLAY CENTER NW",1982-09-14,392256097105701,27,8,c(-97.180469, 39.383106),"1982","71-0",-97.180469,39.383106
"242","Clay",-11.97,"CLAY CENTER NW",1982-12-09,392256097105701,27,8,c(-97.180469, 39.383106),"1982","71-0",-97.180469,39.383106
"243","Clay",-11.08,"CLAY CENTER NW",1983-03-10,392256097105701,27,8,c(-97.180469, 39.383106),"1983","71-0",-97.180469,39.383106
"244","Clay",-10.25,"CLAY CENTER NW",1983-06-09,392256097105701,27,8,c(-97.180469, 39.383106),"1983","71-0",-97.180469,39.383106
"245","Clay",-12.12,"CLAY CENTER NW",1983-09-14,392256097105701,27,8,c(-97.180469, 39.383106),"1983","71-0",-97.180469,39.383106
"246","Clay",-11.8,"CLAY CENTER NW",1983-12-09,392256097105701,27,8,c(-97.180469, 39.383106),"1983","71-0",-97.180469,39.383106
"247","Clay",-11.4,"CLAY CENTER NW",1984-03-09,392256097105701,27,8,c(-97.180469, 39.383106),"1984","71-0",-97.180469,39.383106
"248","Clay",-8.7,"CLAY CENTER NW",1984-06-07,392256097105701,27,8,c(-97.180469, 39.383106),"1984","71-0",-97.180469,39.383106
"249","Clay",-11.9,"CLAY CENTER NW",1984-09-12,392256097105701,27,8,c(-97.180469, 39.383106),"1984","71-0",-97.180469,39.383106
"250","Clay",-12.5,"CLAY CENTER NW",1984-12-05,392256097105701,27,8,c(-97.180469, 39.383106),"1984","71-0",-97.180469,39.383106
"251","Clay",-11.23,"CLAY CENTER NW",1985-03-08,392256097105701,27,8,c(-97.180469, 39.383106),"1985","71-0",-97.180469,39.383106
"252","Clay",-11.6,"CLAY CENTER NW",1985-06-14,392256097105701,27,8,c(-97.180469, 39.383106),"1985","71-0",-97.180469,39.383106
"253","Clay",-12.1,"CLAY CENTER NW",1985-09-13,392256097105701,27,8,c(-97.180469, 39.383106),"1985","71-0",-97.180469,39.383106
"254","Clay",-11.9,"CLAY CENTER NW",1985-12-06,392256097105701,27,8,c(-97.180469, 39.383106),"1985","71-0",-97.180469,39.383106
"255","Clay",-11.9,"CLAY CENTER NW",1985-12-08,392256097105701,27,8,c(-97.180469, 39.383106),"1985","71-0",-97.180469,39.383106
"256","Clay",-13.05,"CLAY CENTER NW",1986-03-07,392256097105701,27,8,c(-97.180469, 39.383106),"1986","71-0",-97.180469,39.383106
"257","Clay",-11.8,"CLAY CENTER NW",1986-06-06,392256097105701,27,8,c(-97.180469, 39.383106),"1986","71-0",-97.180469,39.383106
"258","Clay",-12.45,"CLAY CENTER NW",1986-09-05,392256097105701,27,8,c(-97.180469, 39.383106),"1986","71-0",-97.180469,39.383106
"259","Clay",-12.6,"CLAY CENTER NW",1986-12-05,392256097105701,27,8,c(-97.180469, 39.383106),"1986","71-0",-97.180469,39.383106
"260","Clay",-13.9,"CLAY CENTER NW",1987-03-11,392256097105701,27,8,c(-97.180469, 39.383106),"1987","71-0",-97.180469,39.383106
"261","Clay",-12,"CLAY CENTER NW",1987-06-05,392256097105701,27,8,c(-97.180469, 39.383106),"1987","71-0",-97.180469,39.383106
"262","Clay",-14,"CLAY CENTER NW",1987-09-03,392256097105701,27,8,c(-97.180469, 39.383106),"1987","71-0",-97.180469,39.383106
"263","Clay",-14.05,"CLAY CENTER NW",1987-12-03,392256097105701,27,8,c(-97.180469, 39.383106),"1987","71-0",-97.180469,39.383106
"264","Clay",-13.6,"CLAY CENTER NW",1988-03-04,392256097105701,27,8,c(-97.180469, 39.383106),"1988","71-0",-97.180469,39.383106
"265","Clay",-14.7,"CLAY CENTER NW",1988-06-07,392256097105701,27,8,c(-97.180469, 39.383106),"1988","71-0",-97.180469,39.383106
"266","Clay",-14.95,"CLAY CENTER NW",1988-09-09,392256097105701,27,8,c(-97.180469, 39.383106),"1988","71-0",-97.180469,39.383106
"267","Clay",-14.24,"CLAY CENTER NW",1988-12-07,392256097105701,27,8,c(-97.180469, 39.383106),"1988","71-0",-97.180469,39.383106
"268","Clay",-13.1,"CLAY CENTER NW",1989-03-10,392256097105701,27,8,c(-97.180469, 39.383106),"1989","71-0",-97.180469,39.383106
"269","Clay",-15.3,"CLAY CENTER NW",1989-06-08,392256097105701,27,8,c(-97.180469, 39.383106),"1989","71-0",-97.180469,39.383106
"270","Clay",-13.9,"CLAY CENTER NW",1989-09-06,392256097105701,27,8,c(-97.180469, 39.383106),"1989","71-0",-97.180469,39.383106
"271","Clay",-13.4,"CLAY CENTER NW",1989-12-15,392256097105701,27,8,c(-97.180469, 39.383106),"1989","71-0",-97.180469,39.383106
"272","Clay",-13.7,"CLAY CENTER NW",1990-03-09,392256097105701,27,8,c(-97.180469, 39.383106),"1990","71-0",-97.180469,39.383106
"273","Clay",-13.35,"CLAY CENTER NW",1990-06-06,392256097105701,27,8,c(-97.180469, 39.383106),"1990","71-0",-97.180469,39.383106
"274","Clay",-13.7,"CLAY CENTER NW",1990-09-07,392256097105701,27,8,c(-97.180469, 39.383106),"1990","71-0",-97.180469,39.383106
"275","Clay",-13.7,"CLAY CENTER NW",1990-12-05,392256097105701,27,8,c(-97.180469, 39.383106),"1990","71-0",-97.180469,39.383106
"276","Clay",-13.3,"CLAY CENTER NW",1991-02-12,392256097105701,27,8,c(-97.180469, 39.383106),"1991","71-0",-97.180469,39.383106
"277","Clay",-14.6,"CLAY CENTER NW",1991-03-06,392256097105701,27,8,c(-97.180469, 39.383106),"1991","71-0",-97.180469,39.383106
"278","Clay",-14.18,"CLAY CENTER NW",1991-06-05,392256097105701,27,8,c(-97.180469, 39.383106),"1991","71-0",-97.180469,39.383106
"279","Clay",-15.34,"CLAY CENTER NW",1991-09-11,392256097105701,27,8,c(-97.180469, 39.383106),"1991","71-0",-97.180469,39.383106
"280","Clay",-14.75,"CLAY CENTER NW",1991-12-11,392256097105701,27,8,c(-97.180469, 39.383106),"1991","71-0",-97.180469,39.383106
"281","Clay",-14.68,"CLAY CENTER NW",1992-03-13,392256097105701,27,8,c(-97.180469, 39.383106),"1992","71-0",-97.180469,39.383106
"282","Clay",-15.03,"CLAY CENTER NW",1992-06-11,392256097105701,27,8,c(-97.180469, 39.383106),"1992","71-0",-97.180469,39.383106
"283","Clay",-11.92,"CLAY CENTER NW",1992-09-03,392256097105701,27,8,c(-97.180469, 39.383106),"1992","71-0",-97.180469,39.383106
"284","Clay",-12.67,"CLAY CENTER NW",1992-12-03,392256097105701,27,8,c(-97.180469, 39.383106),"1992","71-0",-97.180469,39.383106
"285","Clay",-9.22,"CLAY CENTER NW",1993-03-10,392256097105701,27,8,c(-97.180469, 39.383106),"1993","71-0",-97.180469,39.383106
"286","Clay",-11.25,"CLAY CENTER NW",1993-06-04,392256097105701,27,8,c(-97.180469, 39.383106),"1993","71-0",-97.180469,39.383106
"287","Clay",-8.18,"CLAY CENTER NW",1993-09-14,392256097105701,27,8,c(-97.180469, 39.383106),"1993","71-0",-97.180469,39.383106
"288","Clay",-11.35,"CLAY CENTER NW",1993-12-10,392256097105701,27,8,c(-97.180469, 39.383106),"1993","71-0",-97.180469,39.383106
"289","Clay",-12.4,"CLAY CENTER NW",1994-06-08,392256097105701,27,8,c(-97.180469, 39.383106),"1994","71-0",-97.180469,39.383106
"290","Clay",-14.2,"CLAY CENTER NW",1994-11-30,392256097105701,27,8,c(-97.180469, 39.383106),"1994","71-0",-97.180469,39.383106
"291","Clay",-13.03,"CLAY CENTER NW",1995-02-28,392256097105701,27,8,c(-97.180469, 39.383106),"1995","71-0",-97.180469,39.383106
"292","Clay",-8.88,"CLAY CENTER NW",1995-06-13,392256097105701,27,8,c(-97.180469, 39.383106),"1995","71-0",-97.180469,39.383106
"293","Clay",-11.11,"CLAY CENTER NW",1995-09-08,392256097105701,27,8,c(-97.180469, 39.383106),"1995","71-0",-97.180469,39.383106
"294","Clay",-12.65,"CLAY CENTER NW",1995-12-08,392256097105701,27,8,c(-97.180469, 39.383106),"1995","71-0",-97.180469,39.383106
"295","Clay",-13.9,"CLAY CENTER NW",1996-03-14,392256097105701,27,8,c(-97.180469, 39.383106),"1996","71-0",-97.180469,39.383106
"296","Clay",-9.09,"CLAY CENTER NW",1996-06-12,392256097105701,27,8,c(-97.180469, 39.383106),"1996","71-0",-97.180469,39.383106
"297","Clay",-11.3,"CLAY CENTER NW",1996-09-13,392256097105701,27,8,c(-97.180469, 39.383106),"1996","71-0",-97.180469,39.383106
"298","Clay",-10.6,"CLAY CENTER NW",1996-12-06,392256097105701,27,8,c(-97.180469, 39.383106),"1996","71-0",-97.180469,39.383106
"299","Clay",-11.7,"CLAY CENTER NW",1997-03-20,392256097105701,27,8,c(-97.180469, 39.383106),"1997","71-0",-97.180469,39.383106
"300","Clay",-11.35,"CLAY CENTER NW",1997-06-12,392256097105701,27,8,c(-97.180469, 39.383106),"1997","71-0",-97.180469,39.383106
"301","Clay",-12.25,"CLAY CENTER NW",1997-09-10,392256097105701,27,8,c(-97.180469, 39.383106),"1997","71-0",-97.180469,39.383106
"302","Clay",-13.1,"CLAY CENTER NW",1997-12-04,392256097105701,27,8,c(-97.180469, 39.383106),"1997","71-0",-97.180469,39.383106
"303","Clay",-11.69,"CLAY CENTER NW",1998-03-13,392256097105701,27,8,c(-97.180469, 39.383106),"1998","71-0",-97.180469,39.383106
"304","Clay",-11.2,"CLAY CENTER NW",1998-06-17,392256097105701,27,8,c(-97.180469, 39.383106),"1998","71-0",-97.180469,39.383106
"305","Clay",-11.8,"CLAY CENTER NW",1998-09-16,392256097105701,27,8,c(-97.180469, 39.383106),"1998","71-0",-97.180469,39.383106
"306","Clay",-11.15,"CLAY CENTER NW",1998-12-03,392256097105701,27,8,c(-97.180469, 39.383106),"1998","71-0",-97.180469,39.383106
"307","Clay",-11.95,"CLAY CENTER NW",1999-03-19,392256097105701,27,8,c(-97.180469, 39.383106),"1999","71-0",-97.180469,39.383106
"308","Clay",-9.55,"CLAY CENTER NW",1999-06-16,392256097105701,27,8,c(-97.180469, 39.383106),"1999","71-0",-97.180469,39.383106
"309","Clay",-12.09,"CLAY CENTER NW",1999-09-17,392256097105701,27,8,c(-97.180469, 39.383106),"1999","71-0",-97.180469,39.383106
"310","Clay",-12.92,"CLAY CENTER NW",1999-12-17,392256097105701,27,8,c(-97.180469, 39.383106),"1999","71-0",-97.180469,39.383106
"311","Clay",-12.58,"CLAY CENTER NW",2000-03-30,392256097105701,27,8,c(-97.180469, 39.383106),"2000","71-0",-97.180469,39.383106
"312","Clay",-13.38,"CLAY CENTER NW",2001-01-04,392256097105701,27,8,c(-97.180469, 39.383106),"2001","71-0",-97.180469,39.383106
"313","Clay",-11.42,"CLAY CENTER NW",2001-02-13,392256097105701,27,8,c(-97.180469, 39.383106),"2001","71-0",-97.180469,39.383106
"314","Clay",-12.47,"CLAY CENTER NW",2001-03-07,392256097105701,27,8,c(-97.180469, 39.383106),"2001","71-0",-97.180469,39.383106
"315","Clay",-12,"CLAY CENTER NW",2001-03-28,392256097105701,27,8,c(-97.180469, 39.383106),"2001","71-0",-97.180469,39.383106
"316","Clay",-12.09,"CLAY CENTER NW",2001-04-24,392256097105701,27,8,c(-97.180469, 39.383106),"2001","71-0",-97.180469,39.383106
"317","Clay",-11.63,"CLAY CENTER NW",2001-05-24,392256097105701,27,8,c(-97.180469, 39.383106),"2001","71-0",-97.180469,39.383106
"318","Clay",-10.98,"CLAY CENTER NW",2001-06-12,392256097105701,27,8,c(-97.180469, 39.383106),"2001","71-0",-97.180469,39.383106
"319","Clay",-12.23,"CLAY CENTER NW",2001-07-19,392256097105701,27,8,c(-97.180469, 39.383106),"2001","71-0",-97.180469,39.383106
"320","Clay",-12.69,"CLAY CENTER NW",2001-10-05,392256097105701,27,8,c(-97.180469, 39.383106),"2001","71-0",-97.180469,39.383106
"321","Clay",-12.77,"CLAY CENTER NW",2001-12-12,392256097105701,27,8,c(-97.180469, 39.383106),"2001","71-0",-97.180469,39.383106
"322","Clay",-13.2,"CLAY CENTER NW",2001-12-27,392256097105701,27,8,c(-97.180469, 39.383106),"2001","71-0",-97.180469,39.383106
"323","Clay",-13.13,"CLAY CENTER NW",2002-02-13,392256097105701,27,8,c(-97.180469, 39.383106),"2002","71-0",-97.180469,39.383106
"324","Clay",-13.1,"CLAY CENTER NW",2002-03-14,392256097105701,27,8,c(-97.180469, 39.383106),"2002","71-0",-97.180469,39.383106
"325","Clay",-13.1,"CLAY CENTER NW",2002-03-21,392256097105701,27,8,c(-97.180469, 39.383106),"2002","71-0",-97.180469,39.383106
"326","Clay",-13.2,"CLAY CENTER NW",2002-04-16,392256097105701,27,8,c(-97.180469, 39.383106),"2002","71-0",-97.180469,39.383106
"327","Clay",-13.3,"CLAY CENTER NW",2002-05-09,392256097105701,27,8,c(-97.180469, 39.383106),"2002","71-0",-97.180469,39.383106
"328","Clay",-13.3,"CLAY CENTER NW",2002-05-19,392256097105701,27,8,c(-97.180469, 39.383106),"2002","71-0",-97.180469,39.383106
"329","Clay",-12.95,"CLAY CENTER NW",2002-06-05,392256097105701,27,8,c(-97.180469, 39.383106),"2002","71-0",-97.180469,39.383106
"330","Clay",-13.89,"CLAY CENTER NW",2002-08-20,392256097105701,27,8,c(-97.180469, 39.383106),"2002","71-0",-97.180469,39.383106
"331","Clay",-13.9,"CLAY CENTER NW",2002-09-19,392256097105701,27,8,c(-97.180469, 39.383106),"2002","71-0",-97.180469,39.383106
"332","Clay",-13.38,"CLAY CENTER NW",2002-12-12,392256097105701,27,8,c(-97.180469, 39.383106),"2002","71-0",-97.180469,39.383106
"333","Clay",-12.95,"CLAY CENTER NW",2003-03-27,392256097105701,27,8,c(-97.180469, 39.383106),"2003","71-0",-97.180469,39.383106
"334","Clay",-12.17,"CLAY CENTER NW",2003-06-26,392256097105701,27,8,c(-97.180469, 39.383106),"2003","71-0",-97.180469,39.383106
"335","Clay",-12.15,"CLAY CENTER NW",2003-09-19,392256097105701,27,8,c(-97.180469, 39.383106),"2003","71-0",-97.180469,39.383106
"336","Clay",-13.23,"CLAY CENTER NW",2003-12-18,392256097105701,27,8,c(-97.180469, 39.383106),"2003","71-0",-97.180469,39.383106
"337","Clay",-12.55,"CLAY CENTER NW",2004-03-18,392256097105701,27,8,c(-97.180469, 39.383106),"2004","71-0",-97.180469,39.383106
"338","Clay",-12.55,"CLAY CENTER NW",2004-03-18,392256097105701,27,8,c(-97.180469, 39.383106),"2004","71-0",-97.180469,39.383106
"339","Clay",-12.46,"CLAY CENTER NW",2004-07-07,392256097105701,27,8,c(-97.180469, 39.383106),"2004","71-0",-97.180469,39.383106
"340","Clay",-12.17,"CLAY CENTER NW",2004-07-22,392256097105701,27,8,c(-97.180469, 39.383106),"2004","71-0",-97.180469,39.383106
"341","Clay",-12.6,"CLAY CENTER NW",2004-08-17,392256097105701,27,8,c(-97.180469, 39.383106),"2004","71-0",-97.180469,39.383106
"342","Clay",-13.35,"CLAY CENTER NW",2004-09-23,392256097105701,27,8,c(-97.180469, 39.383106),"2004","71-0",-97.180469,39.383106
"343","Clay",-13.77,"CLAY CENTER NW",2004-12-14,392256097105701,27,8,c(-97.180469, 39.383106),"2004","71-0",-97.180469,39.383106
"344","Clay",-13.65,"CLAY CENTER NW",2005-01-25,392256097105701,27,8,c(-97.180469, 39.383106),"2005","71-0",-97.180469,39.383106
"345","Clay",-13.5,"CLAY CENTER NW",2005-02-22,392256097105701,27,8,c(-97.180469, 39.383106),"2005","71-0",-97.180469,39.383106
"346","Clay",-13.47,"CLAY CENTER NW",2005-03-30,392256097105701,27,8,c(-97.180469, 39.383106),"2005","71-0",-97.180469,39.383106
"347","Clay",-12.99,"CLAY CENTER NW",2005-04-27,392256097105701,27,8,c(-97.180469, 39.383106),"2005","71-0",-97.180469,39.383106
"348","Clay",-13.72,"CLAY CENTER NW",2005-05-25,392256097105701,27,8,c(-97.180469, 39.383106),"2005","71-0",-97.180469,39.383106
"349","Clay",-13.19,"CLAY CENTER NW",2005-07-05,392256097105701,27,8,c(-97.180469, 39.383106),"2005","71-0",-97.180469,39.383106
"350","Clay",-13.41,"CLAY CENTER NW",2005-08-02,392256097105701,27,8,c(-97.180469, 39.383106),"2005","71-0",-97.180469,39.383106
"351","Clay",-13.4,"CLAY CENTER NW",2005-09-08,392256097105701,27,8,c(-97.180469, 39.383106),"2005","71-0",-97.180469,39.383106
"352","Clay",-13.47,"CLAY CENTER NW",2005-10-20,392256097105701,27,8,c(-97.180469, 39.383106),"2005","71-0",-97.180469,39.383106
"353","Clay",-13.86,"CLAY CENTER NW",2006-03-09,392256097105701,27,8,c(-97.180469, 39.383106),"2006","71-0",-97.180469,39.383106
"354","Clay",-13.59,"CLAY CENTER NW",2006-04-05,392256097105701,27,8,c(-97.180469, 39.383106),"2006","71-0",-97.180469,39.383106
"355","Clay",-13.93,"CLAY CENTER NW",2006-10-18,392256097105701,27,8,c(-97.180469, 39.383106),"2006","71-0",-97.180469,39.383106
"356","Clay",-13.27,"CLAY CENTER NW",2007-03-21,392256097105701,27,8,c(-97.180469, 39.383106),"2007","71-0",-97.180469,39.383106
"357","Clay",-14.02,"CLAY CENTER NW",2007-10-08,392256097105701,27,8,c(-97.180469, 39.383106),"2007","71-0",-97.180469,39.383106
"358","Clay",-12.54,"CLAY CENTER NW",2008-03-12,392256097105701,27,8,c(-97.180469, 39.383106),"2008","71-0",-97.180469,39.383106
"359","Clay",-11.62,"CLAY CENTER NW",2009-03-04,392256097105701,27,8,c(-97.180469, 39.383106),"2009","71-0",-97.180469,39.383106
"360","Clay",-12.91,"CLAY CENTER NW",2009-10-06,392256097105701,27,8,c(-97.180469, 39.383106),"2009","71-0",-97.180469,39.383106
"361","Clay",-10.94,"CLAY CENTER NW",2010-04-01,392256097105701,27,8,c(-97.180469, 39.383106),"2010","71-0",-97.180469,39.383106
"362","Clay",-11.92,"CLAY CENTER NW",2011-03-17,392256097105701,27,8,c(-97.180469, 39.383106),"2011","71-0",-97.180469,39.383106
"363","Clay",-12.08,"CLAY CENTER NW",2011-10-13,392256097105701,27,8,c(-97.180469, 39.383106),"2011","71-0",-97.180469,39.383106
"364","Clay",-12.27,"CLAY CENTER NW",2012-03-09,392256097105701,27,8,c(-97.180469, 39.383106),"2012","71-0",-97.180469,39.383106
"365","Clay",-14.23,"CLAY CENTER NW",2012-10-25,392256097105701,27,8,c(-97.180469, 39.383106),"2012","71-0",-97.180469,39.383106
"366","Clay",-13.7,"CLAY CENTER NW",2013-03-29,392256097105701,27,8,c(-97.180469, 39.383106),"2013","71-0",-97.180469,39.383106
"367","Clay",-13.85,"CLAY CENTER NW",2013-10-17,392256097105701,27,8,c(-97.180469, 39.383106),"2013","71-0",-97.180469,39.383106
"368","Clay",-13.75,"CLAY CENTER NW",2014-10-22,392256097105701,27,8,c(-97.180469, 39.383106),"2014","71-0",-97.180469,39.383106
"369","Clay",-13.48,"CLAY CENTER NW",2015-03-12,392256097105701,27,8,c(-97.180469, 39.383106),"2015","71-0",-97.180469,39.383106
"370","Clay",-12.7,"CLAY CENTER NW",2015-10-08,392256097105701,27,8,c(-97.180469, 39.383106),"2015","71-0",-97.180469,39.383106
"371","Clay",-12.46,"CLAY CENTER NW",2016-03-09,392256097105701,27,8,c(-97.180469, 39.383106),"2016","71-0",-97.180469,39.383106
"372","Clay",-11.54,"CLAY CENTER NW",2016-10-05,392256097105701,27,8,c(-97.180469, 39.383106),"2016","71-0",-97.180469,39.383106
"373","Clay",-10.2,"CLIFTON",1955-10-01,393341097173201,27,6,c(-97.290165, 39.560881),"1955","71-0",-97.290165,39.560881
"374","Clay",-10.17,"CLIFTON",1955-10-25,393341097173201,27,6,c(-97.290165, 39.560881),"1955","71-0",-97.290165,39.560881
"375","Clay",-12,"CLIFTON",1959-09-24,393341097173201,27,6,c(-97.290165, 39.560881),"1959","71-0",-97.290165,39.560881
"376","Clay",-9,"CLIFTON",1960-07-28,393341097173201,27,6,c(-97.290165, 39.560881),"1960","71-0",-97.290165,39.560881
"377","Clay",-9,"CLIFTON",1961-08-20,393341097173201,27,6,c(-97.290165, 39.560881),"1961","71-0",-97.290165,39.560881
"378","Clay",-9,"CLIFTON",1962-08-20,393341097173201,27,6,c(-97.290165, 39.560881),"1962","71-0",-97.290165,39.560881
"379","Clay",-10,"CLIFTON",1963-08-20,393341097173201,27,6,c(-97.290165, 39.560881),"1963","71-0",-97.290165,39.560881
"380","Clay",-10,"CLIFTON",1964-06-20,393341097173201,27,6,c(-97.290165, 39.560881),"1964","71-0",-97.290165,39.560881
"381","Clay",-10,"CLIFTON",1965-12-20,393341097173201,27,6,c(-97.290165, 39.560881),"1965","71-0",-97.290165,39.560881
"382","Clay",-9,"CLIFTON",1966-06-20,393341097173201,27,6,c(-97.290165, 39.560881),"1966","71-0",-97.290165,39.560881
"383","Clay",-6.76,"CLIFTON",1968-09-26,393341097173201,27,6,c(-97.290165, 39.560881),"1968","71-0",-97.290165,39.560881
"384","Clay",-6.64,"CLIFTON",1969-01-02,393341097173201,27,6,c(-97.290165, 39.560881),"1969","71-0",-97.290165,39.560881
"385","Clay",-4.8,"CLIFTON",1969-03-28,393341097173201,27,6,c(-97.290165, 39.560881),"1969","71-0",-97.290165,39.560881
"386","Clay",-5.46,"CLIFTON",1969-09-22,393341097173201,27,6,c(-97.290165, 39.560881),"1969","71-0",-97.290165,39.560881
"387","Clay",-6.3,"CLIFTON",1969-12-16,393341097173201,27,6,c(-97.290165, 39.560881),"1969","71-0",-97.290165,39.560881
"388","Clay",-7.3,"CLIFTON",1970-03-25,393341097173201,27,6,c(-97.290165, 39.560881),"1970","71-0",-97.290165,39.560881
"389","Clay",-4.48,"CLIFTON",1970-06-24,393341097173201,27,6,c(-97.290165, 39.560881),"1970","71-0",-97.290165,39.560881
"390","Clay",-7.4,"CLIFTON",1970-09-28,393341097173201,27,6,c(-97.290165, 39.560881),"1970","71-0",-97.290165,39.560881
"391","Clay",-6.65,"CLIFTON",1970-12-03,393341097173201,27,6,c(-97.290165, 39.560881),"1970","71-0",-97.290165,39.560881
"392","Clay",-6.33,"CLIFTON",1971-03-16,393341097173201,27,6,c(-97.290165, 39.560881),"1971","71-0",-97.290165,39.560881
"393","Clay",-4.4,"CLIFTON",1971-06-16,393341097173201,27,6,c(-97.290165, 39.560881),"1971","71-0",-97.290165,39.560881
"394","Clay",-6.95,"CLIFTON",1971-09-24,393341097173201,27,6,c(-97.290165, 39.560881),"1971","71-0",-97.290165,39.560881
"395","Clay",-6.5,"CLIFTON",1971-12-20,393341097173201,27,6,c(-97.290165, 39.560881),"1971","71-0",-97.290165,39.560881
"396","Clay",-6.85,"CLIFTON",1972-03-14,393341097173201,27,6,c(-97.290165, 39.560881),"1972","71-0",-97.290165,39.560881
"397","Clay",-6.72,"CLIFTON",1972-03-21,393341097173201,27,6,c(-97.290165, 39.560881),"1972","71-0",-97.290165,39.560881
"398","Clay",-6.3,"CLIFTON",1972-09-19,393341097173201,27,6,c(-97.290165, 39.560881),"1972","71-0",-97.290165,39.560881
"399","Clay",-5.55,"CLIFTON",1972-12-27,393341097173201,27,6,c(-97.290165, 39.560881),"1972","71-0",-97.290165,39.560881
"400","Clay",-2.9,"CLIFTON",1973-03-19,393341097173201,27,6,c(-97.290165, 39.560881),"1973","71-0",-97.290165,39.560881
"401","Clay",-3.4,"CLIFTON",1973-06-18,393341097173201,27,6,c(-97.290165, 39.560881),"1973","71-0",-97.290165,39.560881
"402","Clay",-5.1,"CLIFTON",1973-09-18,393341097173201,27,6,c(-97.290165, 39.560881),"1973","71-0",-97.290165,39.560881
"403","Clay",-2.3,"CLIFTON",1973-12-17,393341097173201,27,6,c(-97.290165, 39.560881),"1973","71-0",-97.290165,39.560881
"404","Clay",-3.1,"CLIFTON",1974-03-18,393341097173201,27,6,c(-97.290165, 39.560881),"1974","71-0",-97.290165,39.560881
"405","Clay",-4.35,"CLIFTON",1974-06-17,393341097173201,27,6,c(-97.290165, 39.560881),"1974","71-0",-97.290165,39.560881
"406","Clay",-7.57,"CLIFTON",1974-09-18,393341097173201,27,6,c(-97.290165, 39.560881),"1974","71-0",-97.290165,39.560881
"407","Clay",-7.42,"CLIFTON",1974-12-18,393341097173201,27,6,c(-97.290165, 39.560881),"1974","71-0",-97.290165,39.560881
"408","Clay",-7.3,"CLIFTON",1975-03-14,393341097173201,27,6,c(-97.290165, 39.560881),"1975","71-0",-97.290165,39.560881
"409","Clay",-6.4,"CLIFTON",1975-06-18,393341097173201,27,6,c(-97.290165, 39.560881),"1975","71-0",-97.290165,39.560881
"410","Clay",-8,"CLIFTON",1975-09-11,393341097173201,27,6,c(-97.290165, 39.560881),"1975","71-0",-97.290165,39.560881
"411","Clay",-6.9,"CLIFTON",1975-12-10,393341097173201,27,6,c(-97.290165, 39.560881),"1975","71-0",-97.290165,39.560881
"412","Clay",-7.38,"CLIFTON",1976-03-12,393341097173201,27,6,c(-97.290165, 39.560881),"1976","71-0",-97.290165,39.560881
"413","Clay",-6.68,"CLIFTON",1976-06-02,393341097173201,27,6,c(-97.290165, 39.560881),"1976","71-0",-97.290165,39.560881
"414","Clay",-9.5,"CLIFTON",1976-09-09,393341097173201,27,6,c(-97.290165, 39.560881),"1976","71-0",-97.290165,39.560881
"415","Clay",-8.32,"CLIFTON",1976-12-08,393341097173201,27,6,c(-97.290165, 39.560881),"1976","71-0",-97.290165,39.560881
"416","Clay",-4.92,"CLIFTON",1977-09-13,393341097173201,27,6,c(-97.290165, 39.560881),"1977","71-0",-97.290165,39.560881
"417","Clay",-4.8,"CLIFTON",1977-12-15,393341097173201,27,6,c(-97.290165, 39.560881),"1977","71-0",-97.290165,39.560881
"418","Clay",-5.95,"CLIFTON",1978-03-15,393341097173201,27,6,c(-97.290165, 39.560881),"1978","71-0",-97.290165,39.560881
"419","Clay",-5.22,"CLIFTON",1978-06-08,393341097173201,27,6,c(-97.290165, 39.560881),"1978","71-0",-97.290165,39.560881
"420","Clay",-8.55,"CLIFTON",1978-09-13,393341097173201,27,6,c(-97.290165, 39.560881),"1978","71-0",-97.290165,39.560881
"421","Clay",-6.95,"CLIFTON",1978-12-07,393341097173201,27,6,c(-97.290165, 39.560881),"1978","71-0",-97.290165,39.560881
"422","Clay",-5.3,"CLIFTON",1979-03-08,393341097173201,27,6,c(-97.290165, 39.560881),"1979","71-0",-97.290165,39.560881
"423","Clay",-5.18,"CLIFTON",1979-06-05,393341097173201,27,6,c(-97.290165, 39.560881),"1979","71-0",-97.290165,39.560881
"424","Clay",-7.03,"CLIFTON",1979-09-11,393341097173201,27,6,c(-97.290165, 39.560881),"1979","71-0",-97.290165,39.560881
"425","Clay",-6.85,"CLIFTON",1979-11-29,393341097173201,27,6,c(-97.290165, 39.560881),"1979","71-0",-97.290165,39.560881
"426","Clay",-5.92,"CLIFTON",1980-03-11,393341097173201,27,6,c(-97.290165, 39.560881),"1980","71-0",-97.290165,39.560881
"427","Clay",-4.5,"CLIFTON",1980-06-05,393341097173201,27,6,c(-97.290165, 39.560881),"1980","71-0",-97.290165,39.560881
"428","Clay",-10.2,"CLIFTON",1980-09-11,393341097173201,27,6,c(-97.290165, 39.560881),"1980","71-0",-97.290165,39.560881
"429","Clay",-8.7,"CLIFTON",1980-12-19,393341097173201,27,6,c(-97.290165, 39.560881),"1980","71-0",-97.290165,39.560881
"430","Clay",-8.25,"CLIFTON",1981-03-11,393341097173201,27,6,c(-97.290165, 39.560881),"1981","71-0",-97.290165,39.560881
"431","Clay",-8,"CLIFTON",1981-06-03,393341097173201,27,6,c(-97.290165, 39.560881),"1981","71-0",-97.290165,39.560881
"432","Clay",-6.33,"CLIFTON",1981-09-09,393341097173201,27,6,c(-97.290165, 39.560881),"1981","71-0",-97.290165,39.560881
"433","Clay",-6.4,"CLIFTON",1981-12-10,393341097173201,27,6,c(-97.290165, 39.560881),"1981","71-0",-97.290165,39.560881
"434","Clay",-6.5,"CLIFTON",1982-03-11,393341097173201,27,6,c(-97.290165, 39.560881),"1982","71-0",-97.290165,39.560881
"435","Clay",-4.4,"CLIFTON",1982-06-08,393341097173201,27,6,c(-97.290165, 39.560881),"1982","71-0",-97.290165,39.560881
"436","Clay",-5.7,"CLIFTON",1982-09-14,393341097173201,27,6,c(-97.290165, 39.560881),"1982","71-0",-97.290165,39.560881
"437","Clay",-5.2,"CLIFTON",1982-12-09,393341097173201,27,6,c(-97.290165, 39.560881),"1982","71-0",-97.290165,39.560881
"438","Clay",-5.55,"CLIFTON",1983-03-10,393341097173201,27,6,c(-97.290165, 39.560881),"1983","71-0",-97.290165,39.560881
"439","Clay",-5,"CLIFTON",1983-06-09,393341097173201,27,6,c(-97.290165, 39.560881),"1983","71-0",-97.290165,39.560881
"440","Clay",-8.18,"CLIFTON",1983-09-14,393341097173201,27,6,c(-97.290165, 39.560881),"1983","71-0",-97.290165,39.560881
"441","Clay",-6.7,"CLIFTON",1983-12-09,393341097173201,27,6,c(-97.290165, 39.560881),"1983","71-0",-97.290165,39.560881
"442","Clay",-6.1,"CLIFTON",1984-03-09,393341097173201,27,6,c(-97.290165, 39.560881),"1984","71-0",-97.290165,39.560881
"443","Clay",-1.75,"CLIFTON",1984-06-07,393341097173201,27,6,c(-97.290165, 39.560881),"1984","71-0",-97.290165,39.560881
"444","Clay",-9,"CLIFTON",1984-09-12,393341097173201,27,6,c(-97.290165, 39.560881),"1984","71-0",-97.290165,39.560881
"445","Clay",-7.4,"CLIFTON",1984-12-05,393341097173201,27,6,c(-97.290165, 39.560881),"1984","71-0",-97.290165,39.560881
"446","Clay",-6.55,"CLIFTON",1985-03-08,393341097173201,27,6,c(-97.290165, 39.560881),"1985","71-0",-97.290165,39.560881
"447","Clay",-5.45,"CLIFTON",1985-06-14,393341097173201,27,6,c(-97.290165, 39.560881),"1985","71-0",-97.290165,39.560881
"448","Clay",-6.6,"CLIFTON",1985-09-13,393341097173201,27,6,c(-97.290165, 39.560881),"1985","71-0",-97.290165,39.560881
"449","Clay",-7.5,"CLIFTON",1985-12-06,393341097173201,27,6,c(-97.290165, 39.560881),"1985","71-0",-97.290165,39.560881
"450","Clay",-6.3,"CLIFTON",1986-03-07,393341097173201,27,6,c(-97.290165, 39.560881),"1986","71-0",-97.290165,39.560881
"451","Clay",-5,"CLIFTON",1986-06-06,393341097173201,27,6,c(-97.290165, 39.560881),"1986","71-0",-97.290165,39.560881
"452","Clay",-4.2,"CLIFTON",1986-09-05,393341097173201,27,6,c(-97.290165, 39.560881),"1986","71-0",-97.290165,39.560881
"453","Clay",-3.6,"CLIFTON",1986-12-05,393341097173201,27,6,c(-97.290165, 39.560881),"1986","71-0",-97.290165,39.560881
"454","Clay",-4.9,"CLIFTON",1987-03-11,393341097173201,27,6,c(-97.290165, 39.560881),"1987","71-0",-97.290165,39.560881
"455","Clay",-2.6,"CLIFTON",1987-06-05,393341097173201,27,6,c(-97.290165, 39.560881),"1987","71-0",-97.290165,39.560881
"456","Clay",-6.3,"CLIFTON",1987-09-03,393341097173201,27,6,c(-97.290165, 39.560881),"1987","71-0",-97.290165,39.560881
"457","Clay",-7.2,"CLIFTON",1987-12-03,393341097173201,27,6,c(-97.290165, 39.560881),"1987","71-0",-97.290165,39.560881
"458","Clay",-6.15,"CLIFTON",1988-03-04,393341097173201,27,6,c(-97.290165, 39.560881),"1988","71-0",-97.290165,39.560881
"459","Clay",-9.75,"CLIFTON",1988-09-09,393341097173201,27,6,c(-97.290165, 39.560881),"1988","71-0",-97.290165,39.560881
"460","Clay",-8.66,"CLIFTON",1988-12-07,393341097173201,27,6,c(-97.290165, 39.560881),"1988","71-0",-97.290165,39.560881
"461","Clay",-8.2,"CLIFTON",1989-03-10,393341097173201,27,6,c(-97.290165, 39.560881),"1989","71-0",-97.290165,39.560881
"462","Clay",-8.5,"CLIFTON",1989-06-08,393341097173201,27,6,c(-97.290165, 39.560881),"1989","71-0",-97.290165,39.560881
"463","Clay",-9.6,"CLIFTON",1989-09-06,393341097173201,27,6,c(-97.290165, 39.560881),"1989","71-0",-97.290165,39.560881
"464","Clay",-8.85,"CLIFTON",1989-12-15,393341097173201,27,6,c(-97.290165, 39.560881),"1989","71-0",-97.290165,39.560881
"465","Clay",-7.2,"CLIFTON",1990-03-09,393341097173201,27,6,c(-97.290165, 39.560881),"1990","71-0",-97.290165,39.560881
"466","Clay",-6.15,"CLIFTON",1990-06-06,393341097173201,27,6,c(-97.290165, 39.560881),"1990","71-0",-97.290165,39.560881
"467","Clay",-8.92,"CLIFTON",1990-09-07,393341097173201,27,6,c(-97.290165, 39.560881),"1990","71-0",-97.290165,39.560881
"468","Clay",-8.2,"CLIFTON",1990-12-05,393341097173201,27,6,c(-97.290165, 39.560881),"1990","71-0",-97.290165,39.560881
"469","Clay",-8.26,"CLIFTON",1991-03-06,393341097173201,27,6,c(-97.290165, 39.560881),"1991","71-0",-97.290165,39.560881
"470","Clay",-6.42,"CLIFTON",1991-06-05,393341097173201,27,6,c(-97.290165, 39.560881),"1991","71-0",-97.290165,39.560881
"471","Clay",-10.85,"CLIFTON",1991-09-11,393341097173201,27,6,c(-97.290165, 39.560881),"1991","71-0",-97.290165,39.560881
"472","Clay",-9.94,"CLIFTON",1991-12-11,393341097173201,27,6,c(-97.290165, 39.560881),"1991","71-0",-97.290165,39.560881
"473","Clay",-9.34,"CLIFTON",1992-03-13,393341097173201,27,6,c(-97.290165, 39.560881),"1992","71-0",-97.290165,39.560881
"474","Clay",-9.05,"CLIFTON",1992-06-11,393341097173201,27,6,c(-97.290165, 39.560881),"1992","71-0",-97.290165,39.560881
"475","Clay",-6.38,"CLIFTON",1992-09-03,393341097173201,27,6,c(-97.290165, 39.560881),"1992","71-0",-97.290165,39.560881
"476","Clay",-5.83,"CLIFTON",1992-12-03,393341097173201,27,6,c(-97.290165, 39.560881),"1992","71-0",-97.290165,39.560881
"477","Clay",-4.5,"CLIFTON",1993-03-10,393341097173201,27,6,c(-97.290165, 39.560881),"1993","71-0",-97.290165,39.560881
"478","Clay",-3.18,"CLIFTON",1993-06-04,393341097173201,27,6,c(-97.290165, 39.560881),"1993","71-0",-97.290165,39.560881
"479","Clay",-2.23,"CLIFTON",1993-09-14,393341097173201,27,6,c(-97.290165, 39.560881),"1993","71-0",-97.290165,39.560881
"480","Clay",-3.78,"CLIFTON",1993-12-10,393341097173201,27,6,c(-97.290165, 39.560881),"1993","71-0",-97.290165,39.560881
"481","Clay",-5.69,"CLIFTON",1994-03-11,393341097173201,27,6,c(-97.290165, 39.560881),"1994","71-0",-97.290165,39.560881
"482","Clay",-6.66,"CLIFTON",1994-06-08,393341097173201,27,6,c(-97.290165, 39.560881),"1994","71-0",-97.290165,39.560881
"483","Clay",-7.06,"CLIFTON",1994-09-15,393341097173201,27,6,c(-97.290165, 39.560881),"1994","71-0",-97.290165,39.560881
"484","Clay",-7.24,"CLIFTON",1994-11-30,393341097173201,27,6,c(-97.290165, 39.560881),"1994","71-0",-97.290165,39.560881
"485","Clay",-7.12,"CLIFTON",1995-02-28,393341097173201,27,6,c(-97.290165, 39.560881),"1995","71-0",-97.290165,39.560881
"486","Clay",-2.78,"CLIFTON",1995-06-13,393341097173201,27,6,c(-97.290165, 39.560881),"1995","71-0",-97.290165,39.560881
"487","Clay",-7.25,"CLIFTON",1995-09-08,393341097173201,27,6,c(-97.290165, 39.560881),"1995","71-0",-97.290165,39.560881
"488","Clay",-6.56,"CLIFTON",1995-12-08,393341097173201,27,6,c(-97.290165, 39.560881),"1995","71-0",-97.290165,39.560881
"489","Clay",-6.82,"CLIFTON",1996-03-14,393341097173201,27,6,c(-97.290165, 39.560881),"1996","71-0",-97.290165,39.560881
"490","Clay",-5.62,"CLIFTON",1996-06-12,393341097173201,27,6,c(-97.290165, 39.560881),"1996","71-0",-97.290165,39.560881
"491","Clay",-9.13,"CLIFTON",1996-09-13,393341097173201,27,6,c(-97.290165, 39.560881),"1996","71-0",-97.290165,39.560881
"492","Clay",-7.77,"CLIFTON",1996-12-06,393341097173201,27,6,c(-97.290165, 39.560881),"1996","71-0",-97.290165,39.560881
"493","Clay",-7.46,"CLIFTON",1997-03-20,393341097173201,27,6,c(-97.290165, 39.560881),"1997","71-0",-97.290165,39.560881
"494","Clay",-9.2,"CLIFTON",1997-12-04,393341097173201,27,6,c(-97.290165, 39.560881),"1997","71-0",-97.290165,39.560881
"495","Clay",-5.78,"CLIFTON",1998-12-03,393341097173201,27,6,c(-97.290165, 39.560881),"1998","71-0",-97.290165,39.560881
"496","Clay",-8.68,"CLIFTON",1999-12-17,393341097173201,27,6,c(-97.290165, 39.560881),"1999","71-0",-97.290165,39.560881
"497","Clay",-8.15,"CLIFTON",2000-03-30,393341097173201,27,6,c(-97.290165, 39.560881),"2000","71-0",-97.290165,39.560881
"498","Clay",-10.75,"CLIFTON",2001-01-04,393341097173201,27,6,c(-97.290165, 39.560881),"2001","71-0",-97.290165,39.560881
"499","Clay",-10.44,"CLIFTON",2001-02-13,393341097173201,27,6,c(-97.290165, 39.560881),"2001","71-0",-97.290165,39.560881
"500","Clay",-9.58,"CLIFTON",2001-03-07,393341097173201,27,6,c(-97.290165, 39.560881),"2001","71-0",-97.290165,39.560881
"501","Clay",-8.58,"CLIFTON",2001-03-28,393341097173201,27,6,c(-97.290165, 39.560881),"2001","71-0",-97.290165,39.560881
"502","Clay",-8.17,"CLIFTON",2001-04-24,393341097173201,27,6,c(-97.290165, 39.560881),"2001","71-0",-97.290165,39.560881
"503","Clay",-7.46,"CLIFTON",2001-05-25,393341097173201,27,6,c(-97.290165, 39.560881),"2001","71-0",-97.290165,39.560881
"504","Clay",-6.06,"CLIFTON",2001-06-12,393341097173201,27,6,c(-97.290165, 39.560881),"2001","71-0",-97.290165,39.560881
"505","Clay",-11.04,"CLIFTON",2001-07-19,393341097173201,27,6,c(-97.290165, 39.560881),"2001","71-0",-97.290165,39.560881
"506","Clay",-9.16,"CLIFTON",2001-10-04,393341097173201,27,6,c(-97.290165, 39.560881),"2001","71-0",-97.290165,39.560881
"507","Clay",-8.8,"CLIFTON",2001-12-12,393341097173201,27,6,c(-97.290165, 39.560881),"2001","71-0",-97.290165,39.560881
"508","Clay",-8.79,"CLIFTON",2001-12-27,393341097173201,27,6,c(-97.290165, 39.560881),"2001","71-0",-97.290165,39.560881
"509","Clay",-8.91,"CLIFTON",2002-02-13,393341097173201,27,6,c(-97.290165, 39.560881),"2002","71-0",-97.290165,39.560881
"510","Clay",-8.72,"CLIFTON",2002-03-14,393341097173201,27,6,c(-97.290165, 39.560881),"2002","71-0",-97.290165,39.560881
"511","Clay",-8.94,"CLIFTON",2002-03-21,393341097173201,27,6,c(-97.290165, 39.560881),"2002","71-0",-97.290165,39.560881
"512","Clay",-8.72,"CLIFTON",2002-04-16,393341097173201,27,6,c(-97.290165, 39.560881),"2002","71-0",-97.290165,39.560881
"513","Clay",-8.67,"CLIFTON",2002-06-05,393341097173201,27,6,c(-97.290165, 39.560881),"2002","71-0",-97.290165,39.560881
"514","Clay",-12.89,"CLIFTON",2002-09-19,393341097173201,27,6,c(-97.290165, 39.560881),"2002","71-0",-97.290165,39.560881
"515","Clay",-11.55,"CLIFTON",2002-12-12,393341097173201,27,6,c(-97.290165, 39.560881),"2002","71-0",-97.290165,39.560881
"516","Clay",-10.9,"CLIFTON",2003-03-27,393341097173201,27,6,c(-97.290165, 39.560881),"2003","71-0",-97.290165,39.560881
"517","Clay",-11.09,"CLIFTON",2003-06-26,393341097173201,27,6,c(-97.290165, 39.560881),"2003","71-0",-97.290165,39.560881
"518","Clay",-11.9,"CLIFTON",2003-09-19,393341097173201,27,6,c(-97.290165, 39.560881),"2003","71-0",-97.290165,39.560881
"519","Clay",-10.57,"CLIFTON",2003-12-18,393341097173201,27,6,c(-97.290165, 39.560881),"2003","71-0",-97.290165,39.560881
"520","Clay",-9.53,"CLIFTON",2004-03-18,393341097173201,27,6,c(-97.290165, 39.560881),"2004","71-0",-97.290165,39.560881
"521","Clay",-9.19,"CLIFTON",2004-07-07,393341097173201,27,6,c(-97.290165, 39.560881),"2004","71-0",-97.290165,39.560881
"522","Clay",-10.55,"CLIFTON",2004-07-22,393341097173201,27,6,c(-97.290165, 39.560881),"2004","71-0",-97.290165,39.560881
"523","Clay",-10.28,"CLIFTON",2004-08-17,393341097173201,27,6,c(-97.290165, 39.560881),"2004","71-0",-97.290165,39.560881
"524","Clay",-10.2,"CLIFTON",2004-09-01,393341097173201,27,6,c(-97.290165, 39.560881),"2004","71-0",-97.290165,39.560881
"525","Clay",-10.05,"CLIFTON",2004-09-23,393341097173201,27,6,c(-97.290165, 39.560881),"2004","71-0",-97.290165,39.560881
"526","Clay",-10.04,"CLIFTON",2004-12-14,393341097173201,27,6,c(-97.290165, 39.560881),"2004","71-0",-97.290165,39.560881
"527","Clay",-9.73,"CLIFTON",2005-02-22,393341097173201,27,6,c(-97.290165, 39.560881),"2005","71-0",-97.290165,39.560881
"528","Clay",-9.38,"CLIFTON",2005-03-30,393341097173201,27,6,c(-97.290165, 39.560881),"2005","71-0",-97.290165,39.560881
"529","Clay",-8.33,"CLIFTON",2005-04-27,393341097173201,27,6,c(-97.290165, 39.560881),"2005","71-0",-97.290165,39.560881
"530","Clay",-8.46,"CLIFTON",2005-05-25,393341097173201,27,6,c(-97.290165, 39.560881),"2005","71-0",-97.290165,39.560881
"531","Clay",-9.26,"CLIFTON",2005-07-05,393341097173201,27,6,c(-97.290165, 39.560881),"2005","71-0",-97.290165,39.560881
"532","Clay",-9.72,"CLIFTON",2005-09-08,393341097173201,27,6,c(-97.290165, 39.560881),"2005","71-0",-97.290165,39.560881
"533","Clay",-9.87,"CLIFTON",2006-01-13,393341097173201,27,6,c(-97.290165, 39.560881),"2006","71-0",-97.290165,39.560881
"534","Clay",-9.81,"CLIFTON",2006-03-09,393341097173201,27,6,c(-97.290165, 39.560881),"2006","71-0",-97.290165,39.560881
"535","Clay",-9.78,"CLIFTON",2006-04-05,393341097173201,27,6,c(-97.290165, 39.560881),"2006","71-0",-97.290165,39.560881
"536","Clay",-9.36,"CLIFTON",2007-03-21,393341097173201,27,6,c(-97.290165, 39.560881),"2007","71-0",-97.290165,39.560881
"537","Clay",-6.15,"CLIFTON",2007-10-08,393341097173201,27,6,c(-97.290165, 39.560881),"2007","71-0",-97.290165,39.560881
"538","Clay",-6.31,"CLIFTON",2008-03-12,393341097173201,27,6,c(-97.290165, 39.560881),"2008","71-0",-97.290165,39.560881
"539","Clay",-8.61,"CLIFTON",2008-10-02,393341097173201,27,6,c(-97.290165, 39.560881),"2008","71-0",-97.290165,39.560881
"540","Clay",-7.36,"CLIFTON",2009-03-04,393341097173201,27,6,c(-97.290165, 39.560881),"2009","71-0",-97.290165,39.560881
"541","Clay",-9.48,"CLIFTON",2009-10-06,393341097173201,27,6,c(-97.290165, 39.560881),"2009","71-0",-97.290165,39.560881
"542","Clay",-7.41,"CLIFTON",2010-04-01,393341097173201,27,6,c(-97.290165, 39.560881),"2010","71-0",-97.290165,39.560881
"543","Clay",-7.75,"CLIFTON",2011-03-17,393341097173201,27,6,c(-97.290165, 39.560881),"2011","71-0",-97.290165,39.560881
"544","Clay",-6.8,"CLIFTON",2011-10-13,393341097173201,27,6,c(-97.290165, 39.560881),"2011","71-0",-97.290165,39.560881
"545","Clay",-6.91,"CLIFTON",2012-03-09,393341097173201,27,6,c(-97.290165, 39.560881),"2012","71-0",-97.290165,39.560881
"546","Clay",-10.28,"CLIFTON",2012-10-25,393341097173201,27,6,c(-97.290165, 39.560881),"2012","71-0",-97.290165,39.560881
"547","Clay",-9.78,"CLIFTON",2013-03-29,393341097173201,27,6,c(-97.290165, 39.560881),"2013","71-0",-97.290165,39.560881
"548","Clay",-9.2,"CLIFTON",2013-10-17,393341097173201,27,6,c(-97.290165, 39.560881),"2013","71-0",-97.290165,39.560881
"549","Clay",-9.19,"CLIFTON",2014-03-21,393341097173201,27,6,c(-97.290165, 39.560881),"2014","71-0",-97.290165,39.560881
"550","Clay",-9.28,"CLIFTON",2014-10-22,393341097173201,27,6,c(-97.290165, 39.560881),"2014","71-0",-97.290165,39.560881
"551","Clay",-9.3,"CLIFTON",2015-03-12,393341097173201,27,6,c(-97.290165, 39.560881),"2015","71-0",-97.290165,39.560881
"552","Clay",-8.23,"CLIFTON",2015-10-08,393341097173201,27,6,c(-97.290165, 39.560881),"2015","71-0",-97.290165,39.560881
"553","Clay",-7.77,"CLIFTON",2016-03-09,393341097173201,27,6,c(-97.290165, 39.560881),"2016","71-0",-97.290165,39.560881
"554","Clay",-7.71,"CLIFTON",2016-10-05,393341097173201,27,6,c(-97.290165, 39.560881),"2016","71-0",-97.290165,39.560881
"555","Clay",-10,"CLAY CENTER NW",1955-10-01,392959097133801,27,6,c(-97.223994, 39.499468),"1955","71-0",-97.223994,39.499468
"556","Clay",-9.7,"CLAY CENTER NW",1955-10-25,392959097133801,27,6,c(-97.223994, 39.499468),"1955","71-0",-97.223994,39.499468
"557","Clay",-8,"CLAY CENTER NW",1962-11-28,392959097133801,27,6,c(-97.223994, 39.499468),"1962","71-0",-97.223994,39.499468
"558","Clay",-7,"CLAY CENTER NW",1963-12-15,392959097133801,27,6,c(-97.223994, 39.499468),"1963","71-0",-97.223994,39.499468
"559","Clay",-9,"CLAY CENTER NW",1966-10-20,392959097133801,27,6,c(-97.223994, 39.499468),"1966","71-0",-97.223994,39.499468
"560","Clay",-9.45,"CLAY CENTER NW",1968-06-25,392959097133801,27,6,c(-97.223994, 39.499468),"1968","71-0",-97.223994,39.499468
"561","Clay",-8.95,"CLAY CENTER NW",1968-06-26,392959097133801,27,6,c(-97.223994, 39.499468),"1968","71-0",-97.223994,39.499468
"562","Clay",-8.7,"CLAY CENTER NW",1968-09-26,392959097133801,27,6,c(-97.223994, 39.499468),"1968","71-0",-97.223994,39.499468
"563","Clay",-8.2,"CLAY CENTER NW",1968-09-26,392959097133801,27,6,c(-97.223994, 39.499468),"1968","71-0",-97.223994,39.499468
"564","Clay",-9.35,"CLAY CENTER NW",1969-01-02,392959097133801,27,6,c(-97.223994, 39.499468),"1969","71-0",-97.223994,39.499468
"565","Clay",-8.85,"CLAY CENTER NW",1969-01-02,392959097133801,27,6,c(-97.223994, 39.499468),"1969","71-0",-97.223994,39.499468
"566","Clay",-6.85,"CLAY CENTER NW",1969-03-28,392959097133801,27,6,c(-97.223994, 39.499468),"1969","71-0",-97.223994,39.499468
"567","Clay",-7.35,"CLAY CENTER NW",1969-03-28,392959097133801,27,6,c(-97.223994, 39.499468),"1969","71-0",-97.223994,39.499468
"568","Clay",-7.96,"CLAY CENTER NW",1969-06-30,392959097133801,27,6,c(-97.223994, 39.499468),"1969","71-0",-97.223994,39.499468
"569","Clay",-7.46,"CLAY CENTER NW",1969-06-30,392959097133801,27,6,c(-97.223994, 39.499468),"1969","71-0",-97.223994,39.499468
"570","Clay",-8.48,"CLAY CENTER NW",1969-09-22,392959097133801,27,6,c(-97.223994, 39.499468),"1969","71-0",-97.223994,39.499468
"571","Clay",-7.98,"CLAY CENTER NW",1969-09-22,392959097133801,27,6,c(-97.223994, 39.499468),"1969","71-0",-97.223994,39.499468
"572","Clay",-9.2,"CLAY CENTER NW",1969-12-16,392959097133801,27,6,c(-97.223994, 39.499468),"1969","71-0",-97.223994,39.499468
"573","Clay",-8.7,"CLAY CENTER NW",1969-12-16,392959097133801,27,6,c(-97.223994, 39.499468),"1969","71-0",-97.223994,39.499468
"574","Clay",-9.45,"CLAY CENTER NW",1970-03-25,392959097133801,27,6,c(-97.223994, 39.499468),"1970","71-0",-97.223994,39.499468
"575","Clay",-8.95,"CLAY CENTER NW",1970-03-25,392959097133801,27,6,c(-97.223994, 39.499468),"1970","71-0",-97.223994,39.499468
"576","Clay",-4.5,"CLAY CENTER NW",1970-06-24,392959097133801,27,6,c(-97.223994, 39.499468),"1970","71-0",-97.223994,39.499468
"577","Clay",-5,"CLAY CENTER NW",1970-06-24,392959097133801,27,6,c(-97.223994, 39.499468),"1970","71-0",-97.223994,39.499468
"578","Clay",-9,"CLAY CENTER NW",1970-09-28,392959097133801,27,6,c(-97.223994, 39.499468),"1970","71-0",-97.223994,39.499468
"579","Clay",-9.5,"CLAY CENTER NW",1970-09-28,392959097133801,27,6,c(-97.223994, 39.499468),"1970","71-0",-97.223994,39.499468
"580","Clay",-9.25,"CLAY CENTER NW",1970-12-03,392959097133801,27,6,c(-97.223994, 39.499468),"1970","71-0",-97.223994,39.499468
"581","Clay",-9.75,"CLAY CENTER NW",1970-12-03,392959097133801,27,6,c(-97.223994, 39.499468),"1970","71-0",-97.223994,39.499468
"582","Clay",-9.7,"CLAY CENTER NW",1971-03-16,392959097133801,27,6,c(-97.223994, 39.499468),"1971","71-0",-97.223994,39.499468
"583","Clay",-9.2,"CLAY CENTER NW",1971-03-16,392959097133801,27,6,c(-97.223994, 39.499468),"1971","71-0",-97.223994,39.499468
"584","Clay",-6.3,"CLAY CENTER NW",1971-06-16,392959097133801,27,6,c(-97.223994, 39.499468),"1971","71-0",-97.223994,39.499468
"585","Clay",-6.2,"CLAY CENTER NW",1971-06-16,392959097133801,27,6,c(-97.223994, 39.499468),"1971","71-0",-97.223994,39.499468
"586","Clay",-8.85,"CLAY CENTER NW",1971-09-24,392959097133801,27,6,c(-97.223994, 39.499468),"1971","71-0",-97.223994,39.499468
"587","Clay",-9.35,"CLAY CENTER NW",1971-09-24,392959097133801,27,6,c(-97.223994, 39.499468),"1971","71-0",-97.223994,39.499468
"588","Clay",-9.3,"CLAY CENTER NW",1971-12-20,392959097133801,27,6,c(-97.223994, 39.499468),"1971","71-0",-97.223994,39.499468
"589","Clay",-9.8,"CLAY CENTER NW",1971-12-20,392959097133801,27,6,c(-97.223994, 39.499468),"1971","71-0",-97.223994,39.499468
"590","Clay",-10,"CLAY CENTER NW",1972-03-14,392959097133801,27,6,c(-97.223994, 39.499468),"1972","71-0",-97.223994,39.499468
"591","Clay",-9.5,"CLAY CENTER NW",1972-03-14,392959097133801,27,6,c(-97.223994, 39.499468),"1972","71-0",-97.223994,39.499468
"592","Clay",-8.8,"CLAY CENTER NW",1972-06-21,392959097133801,27,6,c(-97.223994, 39.499468),"1972","71-0",-97.223994,39.499468
"593","Clay",-8.3,"CLAY CENTER NW",1972-06-21,392959097133801,27,6,c(-97.223994, 39.499468),"1972","71-0",-97.223994,39.499468
"594","Clay",-7.76,"CLAY CENTER NW",1972-09-19,392959097133801,27,6,c(-97.223994, 39.499468),"1972","71-0",-97.223994,39.499468
"595","Clay",-7.26,"CLAY CENTER NW",1972-09-19,392959097133801,27,6,c(-97.223994, 39.499468),"1972","71-0",-97.223994,39.499468
"596","Clay",-9.2,"CLAY CENTER NW",1972-12-27,392959097133801,27,6,c(-97.223994, 39.499468),"1972","71-0",-97.223994,39.499468
"597","Clay",-9.7,"CLAY CENTER NW",1972-12-27,392959097133801,27,6,c(-97.223994, 39.499468),"1972","71-0",-97.223994,39.499468
"598","Clay",-5.6,"CLAY CENTER NW",1973-03-19,392959097133801,27,6,c(-97.223994, 39.499468),"1973","71-0",-97.223994,39.499468
"599","Clay",-6.1,"CLAY CENTER NW",1973-03-19,392959097133801,27,6,c(-97.223994, 39.499468),"1973","71-0",-97.223994,39.499468
"600","Clay",-6.98,"CLAY CENTER NW",1973-06-18,392959097133801,27,6,c(-97.223994, 39.499468),"1973","71-0",-97.223994,39.499468
"601","Clay",-7.65,"CLAY CENTER NW",1973-09-18,392959097133801,27,6,c(-97.223994, 39.499468),"1973","71-0",-97.223994,39.499468
"602","Clay",-5.53,"CLAY CENTER NW",1973-12-17,392959097133801,27,6,c(-97.223994, 39.499468),"1973","71-0",-97.223994,39.499468
"603","Clay",-6.36,"CLAY CENTER NW",1974-03-18,392959097133801,27,6,c(-97.223994, 39.499468),"1974","71-0",-97.223994,39.499468
"604","Clay",-7.8,"CLAY CENTER NW",1974-06-17,392959097133801,27,6,c(-97.223994, 39.499468),"1974","71-0",-97.223994,39.499468
"605","Clay",-9.4,"CLAY CENTER NW",1974-09-18,392959097133801,27,6,c(-97.223994, 39.499468),"1974","71-0",-97.223994,39.499468
"606","Clay",-10.36,"CLAY CENTER NW",1974-12-18,392959097133801,27,6,c(-97.223994, 39.499468),"1974","71-0",-97.223994,39.499468
"607","Clay",-10.2,"CLAY CENTER NW",1975-03-14,392959097133801,27,6,c(-97.223994, 39.499468),"1975","71-0",-97.223994,39.499468
"608","Clay",-9.52,"CLAY CENTER NW",1975-06-18,392959097133801,27,6,c(-97.223994, 39.499468),"1975","71-0",-97.223994,39.499468
"609","Clay",-9.47,"CLAY CENTER NW",1975-09-11,392959097133801,27,6,c(-97.223994, 39.499468),"1975","71-0",-97.223994,39.499468
"610","Clay",-10.3,"CLAY CENTER NW",1975-12-10,392959097133801,27,6,c(-97.223994, 39.499468),"1975","71-0",-97.223994,39.499468
"611","Clay",-11,"CLAY CENTER NW",1976-03-12,392959097133801,27,6,c(-97.223994, 39.499468),"1976","71-0",-97.223994,39.499468
"612","Clay",-9.25,"CLAY CENTER NW",1976-06-02,392959097133801,27,6,c(-97.223994, 39.499468),"1976","71-0",-97.223994,39.499468
"613","Clay",-11.05,"CLAY CENTER NW",1976-09-09,392959097133801,27,6,c(-97.223994, 39.499468),"1976","71-0",-97.223994,39.499468
"614","Clay",-11.21,"CLAY CENTER NW",1976-12-08,392959097133801,27,6,c(-97.223994, 39.499468),"1976","71-0",-97.223994,39.499468
"615","Clay",-11.04,"CLAY CENTER NW",1977-03-09,392959097133801,27,6,c(-97.223994, 39.499468),"1977","71-0",-97.223994,39.499468
"616","Clay",-10.3,"CLAY CENTER NW",1977-06-15,392959097133801,27,6,c(-97.223994, 39.499468),"1977","71-0",-97.223994,39.499468
"617","Clay",-6.65,"CLAY CENTER NW",1977-09-13,392959097133801,27,6,c(-97.223994, 39.499468),"1977","71-0",-97.223994,39.499468
"618","Clay",-9.3,"CLAY CENTER NW",1977-12-15,392959097133801,27,6,c(-97.223994, 39.499468),"1977","71-0",-97.223994,39.499468
"619","Clay",-8.98,"CLAY CENTER NW",1978-06-08,392959097133801,27,6,c(-97.223994, 39.499468),"1978","71-0",-97.223994,39.499468
"620","Clay",-11.55,"CLAY CENTER NW",1978-09-13,392959097133801,27,6,c(-97.223994, 39.499468),"1978","71-0",-97.223994,39.499468
"621","Clay",-10.63,"CLAY CENTER NW",1978-12-07,392959097133801,27,6,c(-97.223994, 39.499468),"1978","71-0",-97.223994,39.499468
"622","Clay",-9.2,"CLAY CENTER NW",1979-03-08,392959097133801,27,6,c(-97.223994, 39.499468),"1979","71-0",-97.223994,39.499468
"623","Clay",-8.48,"CLAY CENTER NW",1979-06-05,392959097133801,27,6,c(-97.223994, 39.499468),"1979","71-0",-97.223994,39.499468
"624","Clay",-9.2,"CLAY CENTER NW",1979-09-11,392959097133801,27,6,c(-97.223994, 39.499468),"1979","71-0",-97.223994,39.499468
"625","Clay",-9.15,"CLAY CENTER NW",1979-11-29,392959097133801,27,6,c(-97.223994, 39.499468),"1979","71-0",-97.223994,39.499468
"626","Clay",-8.35,"CLAY CENTER NW",1980-03-11,392959097133801,27,6,c(-97.223994, 39.499468),"1980","71-0",-97.223994,39.499468
"627","Clay",-8.2,"CLAY CENTER NW",1980-06-05,392959097133801,27,6,c(-97.223994, 39.499468),"1980","71-0",-97.223994,39.499468
"628","Clay",-11.2,"CLAY CENTER NW",1980-09-11,392959097133801,27,6,c(-97.223994, 39.499468),"1980","71-0",-97.223994,39.499468
"629","Clay",-11.24,"CLAY CENTER NW",1980-12-19,392959097133801,27,6,c(-97.223994, 39.499468),"1980","71-0",-97.223994,39.499468
"630","Clay",-11.15,"CLAY CENTER NW",1981-03-11,392959097133801,27,6,c(-97.223994, 39.499468),"1981","71-0",-97.223994,39.499468
"631","Clay",-10.67,"CLAY CENTER NW",1981-06-03,392959097133801,27,6,c(-97.223994, 39.499468),"1981","71-0",-97.223994,39.499468
"632","Clay",-8.7,"CLAY CENTER NW",1981-09-09,392959097133801,27,6,c(-97.223994, 39.499468),"1981","71-0",-97.223994,39.499468
"633","Clay",-9.65,"CLAY CENTER NW",1981-12-10,392959097133801,27,6,c(-97.223994, 39.499468),"1981","71-0",-97.223994,39.499468
"634","Clay",-9.54,"CLAY CENTER NW",1982-03-11,392959097133801,27,6,c(-97.223994, 39.499468),"1982","71-0",-97.223994,39.499468
"635","Clay",-10.1,"CLAY CENTER NW",1982-09-14,392959097133801,27,6,c(-97.223994, 39.499468),"1982","71-0",-97.223994,39.499468
"636","Clay",-9.2,"CLAY CENTER NW",1982-12-09,392959097133801,27,6,c(-97.223994, 39.499468),"1982","71-0",-97.223994,39.499468
"637","Clay",-8.35,"CLAY CENTER NW",1983-03-10,392959097133801,27,6,c(-97.223994, 39.499468),"1983","71-0",-97.223994,39.499468
"638","Clay",-8.2,"CLAY CENTER NW",1983-06-09,392959097133801,27,6,c(-97.223994, 39.499468),"1983","71-0",-97.223994,39.499468
"639","Clay",-10.6,"CLAY CENTER NW",1983-09-14,392959097133801,27,6,c(-97.223994, 39.499468),"1983","71-0",-97.223994,39.499468
"640","Clay",-9.3,"CLAY CENTER NW",1983-12-09,392959097133801,27,6,c(-97.223994, 39.499468),"1983","71-0",-97.223994,39.499468
"641","Clay",-9.5,"CLAY CENTER NW",1984-03-09,392959097133801,27,6,c(-97.223994, 39.499468),"1984","71-0",-97.223994,39.499468
"642","Clay",-6.75,"CLAY CENTER NW",1984-06-07,392959097133801,27,6,c(-97.223994, 39.499468),"1984","71-0",-97.223994,39.499468
"643","Clay",-12.3,"CLAY CENTER NW",1984-09-12,392959097133801,27,6,c(-97.223994, 39.499468),"1984","71-0",-97.223994,39.499468
"644","Clay",-10.52,"CLAY CENTER NW",1984-12-05,392959097133801,27,6,c(-97.223994, 39.499468),"1984","71-0",-97.223994,39.499468
"645","Clay",-9.8,"CLAY CENTER NW",1985-03-08,392959097133801,27,6,c(-97.223994, 39.499468),"1985","71-0",-97.223994,39.499468
"646","Clay",-8.5,"CLAY CENTER NW",1985-06-14,392959097133801,27,6,c(-97.223994, 39.499468),"1985","71-0",-97.223994,39.499468
"647","Clay",-8.85,"CLAY CENTER NW",1985-12-06,392959097133801,27,6,c(-97.223994, 39.499468),"1985","71-0",-97.223994,39.499468
"648","Clay",-8.85,"CLAY CENTER NW",1985-12-08,392959097133801,27,6,c(-97.223994, 39.499468),"1985","71-0",-97.223994,39.499468
"649","Clay",-9.8,"CLAY CENTER NW",1986-03-07,392959097133801,27,6,c(-97.223994, 39.499468),"1986","71-0",-97.223994,39.499468
"650","Clay",-8.7,"CLAY CENTER NW",1986-06-06,392959097133801,27,6,c(-97.223994, 39.499468),"1986","71-0",-97.223994,39.499468
"651","Clay",-7.8,"CLAY CENTER NW",1986-09-05,392959097133801,27,6,c(-97.223994, 39.499468),"1986","71-0",-97.223994,39.499468
"652","Clay",-7.3,"CLAY CENTER NW",1986-12-05,392959097133801,27,6,c(-97.223994, 39.499468),"1986","71-0",-97.223994,39.499468
"653","Clay",-8.35,"CLAY CENTER NW",1987-03-11,392959097133801,27,6,c(-97.223994, 39.499468),"1987","71-0",-97.223994,39.499468
"654","Clay",-5.45,"CLAY CENTER NW",1987-06-05,392959097133801,27,6,c(-97.223994, 39.499468),"1987","71-0",-97.223994,39.499468
"655","Clay",-8.2,"CLAY CENTER NW",1987-09-03,392959097133801,27,6,c(-97.223994, 39.499468),"1987","71-0",-97.223994,39.499468
"656","Clay",-9.5,"CLAY CENTER NW",1987-12-03,392959097133801,27,6,c(-97.223994, 39.499468),"1987","71-0",-97.223994,39.499468
"657","Clay",-9.2,"CLAY CENTER NW",1988-03-04,392959097133801,27,6,c(-97.223994, 39.499468),"1988","71-0",-97.223994,39.499468
"658","Clay",-9.94,"CLAY CENTER NW",1988-06-07,392959097133801,27,6,c(-97.223994, 39.499468),"1988","71-0",-97.223994,39.499468
"659","Clay",-10.7,"CLAY CENTER NW",1988-09-09,392959097133801,27,6,c(-97.223994, 39.499468),"1988","71-0",-97.223994,39.499468
"660","Clay",-11.12,"CLAY CENTER NW",1988-12-07,392959097133801,27,6,c(-97.223994, 39.499468),"1988","71-0",-97.223994,39.499468
"661","Clay",-10.97,"CLAY CENTER NW",1989-03-10,392959097133801,27,6,c(-97.223994, 39.499468),"1989","71-0",-97.223994,39.499468
"662","Clay",-11.25,"CLAY CENTER NW",1989-06-08,392959097133801,27,6,c(-97.223994, 39.499468),"1989","71-0",-97.223994,39.499468
"663","Clay",-10.1,"CLAY CENTER NW",1989-12-15,392959097133801,27,6,c(-97.223994, 39.499468),"1989","71-0",-97.223994,39.499468
"664","Clay",-10.3,"CLAY CENTER NW",1990-03-09,392959097133801,27,6,c(-97.223994, 39.499468),"1990","71-0",-97.223994,39.499468
"665","Clay",-9.1,"CLAY CENTER NW",1990-06-06,392959097133801,27,6,c(-97.223994, 39.499468),"1990","71-0",-97.223994,39.499468
"666","Clay",-10.14,"CLAY CENTER NW",1990-09-07,392959097133801,27,6,c(-97.223994, 39.499468),"1990","71-0",-97.223994,39.499468
"667","Clay",-11.1,"CLAY CENTER NW",1990-12-05,392959097133801,27,6,c(-97.223994, 39.499468),"1990","71-0",-97.223994,39.499468
"668","Clay",-10.96,"CLAY CENTER NW",1991-02-12,392959097133801,27,6,c(-97.223994, 39.499468),"1991","71-0",-97.223994,39.499468
"669","Clay",-11.12,"CLAY CENTER NW",1991-03-06,392959097133801,27,6,c(-97.223994, 39.499468),"1991","71-0",-97.223994,39.499468
"670","Clay",-8.97,"CLAY CENTER NW",1991-06-05,392959097133801,27,6,c(-97.223994, 39.499468),"1991","71-0",-97.223994,39.499468
"671","Clay",-13.7,"CLAY CENTER NW",1991-09-11,392959097133801,27,6,c(-97.223994, 39.499468),"1991","71-0",-97.223994,39.499468
"672","Clay",-11.95,"CLAY CENTER NW",1991-12-11,392959097133801,27,6,c(-97.223994, 39.499468),"1991","71-0",-97.223994,39.499468
"673","Clay",-11.79,"CLAY CENTER NW",1992-03-13,392959097133801,27,6,c(-97.223994, 39.499468),"1992","71-0",-97.223994,39.499468
"674","Clay",-9.5,"CLAY CENTER NW",1992-12-03,392959097133801,27,6,c(-97.223994, 39.499468),"1992","71-0",-97.223994,39.499468
"675","Clay",-7.3,"CLAY CENTER NW",1993-03-10,392959097133801,27,6,c(-97.223994, 39.499468),"1993","71-0",-97.223994,39.499468
"676","Clay",-5.41,"CLAY CENTER NW",1993-09-14,392959097133801,27,6,c(-97.223994, 39.499468),"1993","71-0",-97.223994,39.499468
"677","Clay",-6.9,"CLAY CENTER NW",1993-12-10,392959097133801,27,6,c(-97.223994, 39.499468),"1993","71-0",-97.223994,39.499468
"678","Clay",-7.37,"CLAY CENTER NW",1994-03-11,392959097133801,27,6,c(-97.223994, 39.499468),"1994","71-0",-97.223994,39.499468
"679","Clay",-9.52,"CLAY CENTER NW",1994-09-15,392959097133801,27,6,c(-97.223994, 39.499468),"1994","71-0",-97.223994,39.499468
"680","Clay",-9.9,"CLAY CENTER NW",1994-11-30,392959097133801,27,6,c(-97.223994, 39.499468),"1994","71-0",-97.223994,39.499468
"681","Clay",-9.92,"CLAY CENTER NW",1995-02-28,392959097133801,27,6,c(-97.223994, 39.499468),"1995","71-0",-97.223994,39.499468
"682","Clay",-4.72,"CLAY CENTER NW",1995-06-13,392959097133801,27,6,c(-97.223994, 39.499468),"1995","71-0",-97.223994,39.499468
"683","Clay",-8.62,"CLAY CENTER NW",1995-09-08,392959097133801,27,6,c(-97.223994, 39.499468),"1995","71-0",-97.223994,39.499468
"684","Clay",-9.66,"CLAY CENTER NW",1995-12-08,392959097133801,27,6,c(-97.223994, 39.499468),"1995","71-0",-97.223994,39.499468
"685","Clay",-10,"CLAY CENTER NW",1996-03-14,392959097133801,27,6,c(-97.223994, 39.499468),"1996","71-0",-97.223994,39.499468
"686","Clay",-8.05,"CLAY CENTER NW",1996-06-12,392959097133801,27,6,c(-97.223994, 39.499468),"1996","71-0",-97.223994,39.499468
"687","Clay",-8.88,"CLAY CENTER NW",1997-03-20,392959097133801,27,6,c(-97.223994, 39.499468),"1997","71-0",-97.223994,39.499468
"688","Clay",-8.86,"CLAY CENTER NW",1997-06-12,392959097133801,27,6,c(-97.223994, 39.499468),"1997","71-0",-97.223994,39.499468
"689","Clay",-10.7,"CLAY CENTER NW",1997-09-10,392959097133801,27,6,c(-97.223994, 39.499468),"1997","71-0",-97.223994,39.499468
"690","Clay",-9.28,"CLAY CENTER NW",1998-06-17,392959097133801,27,6,c(-97.223994, 39.499468),"1998","71-0",-97.223994,39.499468
"691","Clay",-9.5,"CLAY CENTER NW",1998-09-16,392959097133801,27,6,c(-97.223994, 39.499468),"1998","71-0",-97.223994,39.499468
"692","Clay",-7.78,"CLAY CENTER NW",1998-12-03,392959097133801,27,6,c(-97.223994, 39.499468),"1998","71-0",-97.223994,39.499468
"693","Clay",-9.15,"CLAY CENTER NW",1999-03-19,392959097133801,27,6,c(-97.223994, 39.499468),"1999","71-0",-97.223994,39.499468
"694","Clay",-10.63,"CLAY CENTER NW",1999-12-17,392959097133801,27,6,c(-97.223994, 39.499468),"1999","71-0",-97.223994,39.499468
"695","Clay",-10.05,"Linn SW",2002-09-19,393009097134501,27,6,c(-97.229355, 39.502446),"2002","71-0",-97.229355,39.502446
"696","Clay",-9.94,"Linn SW",2002-10-18,393009097134501,27,6,c(-97.229355, 39.502446),"2002","71-0",-97.229355,39.502446
"697","Clay",-9.76,"Linn SW",2002-11-20,393009097134501,27,6,c(-97.229355, 39.502446),"2002","71-0",-97.229355,39.502446
"698","Clay",-9.7,"Linn SW",2002-12-17,393009097134501,27,6,c(-97.229355, 39.502446),"2002","71-0",-97.229355,39.502446
"699","Clay",-9.72,"Linn SW",2003-01-24,393009097134501,27,6,c(-97.229355, 39.502446),"2003","71-0",-97.229355,39.502446
"700","Clay",-9.55,"Linn SW",2003-03-06,393009097134501,27,6,c(-97.229355, 39.502446),"2003","71-0",-97.229355,39.502446
"701","Clay",-9.46,"Linn SW",2003-04-10,393009097134501,27,6,c(-97.229355, 39.502446),"2003","71-0",-97.229355,39.502446
"702","Clay",-9.37,"Linn SW",2003-05-20,393009097134501,27,6,c(-97.229355, 39.502446),"2003","71-0",-97.229355,39.502446
"703","Clay",-9.2,"Linn SW",2003-06-13,393009097134501,27,6,c(-97.229355, 39.502446),"2003","71-0",-97.229355,39.502446
"704","Clay",-7.4,"Linn SW",2003-07-03,393009097134501,27,6,c(-97.229355, 39.502446),"2003","71-0",-97.229355,39.502446
"705","Clay",-9.53,"Linn SW",2003-08-01,393009097134501,27,6,c(-97.229355, 39.502446),"2003","71-0",-97.229355,39.502446
"706","Clay",-10.02,"Linn SW",2003-08-13,393009097134501,27,6,c(-97.229355, 39.502446),"2003","71-0",-97.229355,39.502446
"707","Clay",-8.16,"Linn SW",2003-09-19,393009097134501,27,6,c(-97.229355, 39.502446),"2003","71-0",-97.229355,39.502446
"708","Clay",-9.88,"Linn SW",2003-11-12,393009097134501,27,6,c(-97.229355, 39.502446),"2003","71-0",-97.229355,39.502446
"709","Clay",-10.02,"Linn SW",2003-12-16,393009097134501,27,6,c(-97.229355, 39.502446),"2003","71-0",-97.229355,39.502446
"710","Clay",-10.04,"Linn SW",2004-01-14,393009097134501,27,6,c(-97.229355, 39.502446),"2004","71-0",-97.229355,39.502446
"711","Clay",-9.97,"Linn SW",2004-02-18,393009097134501,27,6,c(-97.229355, 39.502446),"2004","71-0",-97.229355,39.502446
"712","Clay",-8.03,"Linn SW",2004-03-09,393009097134501,27,6,c(-97.229355, 39.502446),"2004","71-0",-97.229355,39.502446
"713","Clay",-9.26,"Linn SW",2004-04-21,393009097134501,27,6,c(-97.229355, 39.502446),"2004","71-0",-97.229355,39.502446
"714","Clay",-9.17,"Linn SW",2004-05-19,393009097134501,27,6,c(-97.229355, 39.502446),"2004","71-0",-97.229355,39.502446
"715","Clay",-9.24,"Linn SW",2004-06-08,393009097134501,27,6,c(-97.229355, 39.502446),"2004","71-0",-97.229355,39.502446
"716","Clay",-8.18,"Linn SW",2004-07-07,393009097134501,27,6,c(-97.229355, 39.502446),"2004","71-0",-97.229355,39.502446
"717","Clay",-8.55,"Linn SW",2004-07-22,393009097134501,27,6,c(-97.229355, 39.502446),"2004","71-0",-97.229355,39.502446
"718","Clay",-9.14,"Linn SW",2004-08-05,393009097134501,27,6,c(-97.229355, 39.502446),"2004","71-0",-97.229355,39.502446
"719","Clay",-8.44,"Linn SW",2004-08-17,393009097134501,27,6,c(-97.229355, 39.502446),"2004","71-0",-97.229355,39.502446
"720","Clay",-9.6,"Linn SW",2004-09-01,393009097134501,27,6,c(-97.229355, 39.502446),"2004","71-0",-97.229355,39.502446
"721","Clay",-9.93,"Linn SW",2004-09-23,393009097134501,27,6,c(-97.229355, 39.502446),"2004","71-0",-97.229355,39.502446
"722","Clay",-9.81,"Linn SW",2004-12-14,393009097134501,27,6,c(-97.229355, 39.502446),"2004","71-0",-97.229355,39.502446
"723","Clay",-9.93,"Linn SW",2005-01-25,393009097134501,27,6,c(-97.229355, 39.502446),"2005","71-0",-97.229355,39.502446
"724","Clay",-9.87,"Linn SW",2005-02-22,393009097134501,27,6,c(-97.229355, 39.502446),"2005","71-0",-97.229355,39.502446
"725","Clay",-9.8,"Linn SW",2005-03-30,393009097134501,27,6,c(-97.229355, 39.502446),"2005","71-0",-97.229355,39.502446
"726","Clay",-9.12,"Linn SW",2005-04-27,393009097134501,27,6,c(-97.229355, 39.502446),"2005","71-0",-97.229355,39.502446
"727","Clay",-9.61,"Linn SW",2005-05-25,393009097134501,27,6,c(-97.229355, 39.502446),"2005","71-0",-97.229355,39.502446
"728","Clay",-9.41,"Linn SW",2005-07-05,393009097134501,27,6,c(-97.229355, 39.502446),"2005","71-0",-97.229355,39.502446
"729","Clay",-9.51,"Linn SW",2005-08-02,393009097134501,27,6,c(-97.229355, 39.502446),"2005","71-0",-97.229355,39.502446
"730","Clay",-9.78,"Linn SW",2005-09-08,393009097134501,27,6,c(-97.229355, 39.502446),"2005","71-0",-97.229355,39.502446
"731","Clay",-10.19,"Linn SW",2006-01-13,393009097134501,27,6,c(-97.229355, 39.502446),"2006","71-0",-97.229355,39.502446
"732","Clay",-10.26,"Linn SW",2006-03-09,393009097134501,27,6,c(-97.229355, 39.502446),"2006","71-0",-97.229355,39.502446
"733","Clay",-10.09,"Linn SW",2006-04-05,393009097134501,27,6,c(-97.229355, 39.502446),"2006","71-0",-97.229355,39.502446
"734","Clay",-10.32,"Linn SW",2006-10-18,393009097134501,27,6,c(-97.229355, 39.502446),"2006","71-0",-97.229355,39.502446
"735","Clay",-9.68,"Linn SW",2007-03-21,393009097134501,27,6,c(-97.229355, 39.502446),"2007","71-0",-97.229355,39.502446
"736","Clay",-8.27,"Linn SW",2007-06-13,393009097134501,27,6,c(-97.229355, 39.502446),"2007","71-0",-97.229355,39.502446
"737","Clay",-6.93,"Linn SW",2008-03-12,393009097134501,27,6,c(-97.229355, 39.502446),"2008","71-0",-97.229355,39.502446
"738","Clay",-7.05,"Linn SW",2008-05-29,393009097134501,27,6,c(-97.229355, 39.502446),"2008","71-0",-97.229355,39.502446
"739","Clay",-6.97,"Linn SW",2008-06-26,393009097134501,27,6,c(-97.229355, 39.502446),"2008","71-0",-97.229355,39.502446
"740","Clay",-7.41,"Linn SW",2008-08-13,393009097134501,27,6,c(-97.229355, 39.502446),"2008","71-0",-97.229355,39.502446
"741","Clay",-8.66,"Linn SW",2009-03-04,393009097134501,27,6,c(-97.229355, 39.502446),"2009","71-0",-97.229355,39.502446
"742","Clay",-9.89,"Linn SW",2009-10-06,393009097134501,27,6,c(-97.229355, 39.502446),"2009","71-0",-97.229355,39.502446
"743","Clay",-8.73,"Linn SW",2011-03-17,393009097134501,27,6,c(-97.229355, 39.502446),"2011","71-0",-97.229355,39.502446
"744","Clay",-9,"Linn SW",2011-10-13,393009097134501,27,6,c(-97.229355, 39.502446),"2011","71-0",-97.229355,39.502446
